{
  "epoch": 29,
  "loss": {
    "train": 0.943903,
    "val": 2.292335
  },
  "val_detection": {
    "precision": 0.731449,
    "recall": 0.808594,
    "f1": 0.768089,
    "tp": 2484,
    "fp": 912,
    "fn": 588,
    "processed_batches": 130
  },
  "eval_config": {
    "score_threshold": 0.3,
    "iou_threshold": 0.5
  },
  "time": "2026-06-01 21:04:48"
}