{
  "epoch": 1,
  "loss": {
    "train": 1.83594,
    "val": 2.005004
  },
  "val_detection": {
    "precision": 0.558589,
    "recall": 0.546224,
    "f1": 0.552337,
    "tp": 1678,
    "fp": 1326,
    "fn": 1394,
    "processed_batches": 130
  },
  "eval_config": {
    "score_threshold": 0.3,
    "iou_threshold": 0.5
  },
  "time": "2026-06-01 20:12:18"
}