{
  "epoch": 5,
  "loss": {
    "train": 1.671356,
    "val": 1.91248
  },
  "val_detection": {
    "precision": 0.643892,
    "recall": 0.708659,
    "f1": 0.674725,
    "tp": 2177,
    "fp": 1204,
    "fn": 895,
    "processed_batches": 130
  },
  "eval_config": {
    "score_threshold": 0.3,
    "iou_threshold": 0.5
  },
  "time": "2026-06-01 20:19:55"
}