{
  "epoch": 2,
  "loss": {
    "train": 1.845465,
    "val": 1.87531
  },
  "val_detection": {
    "precision": 0.534897,
    "recall": 0.601237,
    "f1": 0.56613,
    "tp": 1847,
    "fp": 1606,
    "fn": 1225,
    "processed_batches": 130
  },
  "eval_config": {
    "score_threshold": 0.3,
    "iou_threshold": 0.5
  },
  "time": "2026-06-01 20:14:14"
}