{
  "epoch": 20,
  "loss": {
    "train": 1.100196,
    "val": 2.211003
  },
  "val_detection": {
    "precision": 0.699574,
    "recall": 0.802734,
    "f1": 0.747613,
    "tp": 2466,
    "fp": 1059,
    "fn": 606,
    "processed_batches": 130
  },
  "eval_config": {
    "score_threshold": 0.3,
    "iou_threshold": 0.5
  },
  "time": "2026-06-01 20:47:58"
}