{
  "epoch": 6,
  "loss": {
    "train": 1.683396,
    "val": 2.064865
  },
  "val_detection": {
    "precision": 0.632062,
    "recall": 0.739258,
    "f1": 0.68147,
    "tp": 2271,
    "fp": 1322,
    "fn": 801,
    "processed_batches": 130
  },
  "eval_config": {
    "score_threshold": 0.3,
    "iou_threshold": 0.5
  },
  "time": "2026-06-01 20:21:48"
}