{
  "epoch": 16,
  "loss": {
    "train": 1.228581,
    "val": 2.15963
  },
  "val_detection": {
    "precision": 0.726761,
    "recall": 0.799154,
    "f1": 0.76124,
    "tp": 2455,
    "fp": 923,
    "fn": 617,
    "processed_batches": 130
  },
  "eval_config": {
    "score_threshold": 0.3,
    "iou_threshold": 0.5
  },
  "time": "2026-06-01 20:40:29"
}