{
  "epoch": 15,
  "loss": {
    "train": 1.19605,
    "val": 2.109535
  },
  "val_detection": {
    "precision": 0.686964,
    "recall": 0.782227,
    "f1": 0.731507,
    "tp": 2403,
    "fp": 1095,
    "fn": 669,
    "processed_batches": 130
  },
  "eval_config": {
    "score_threshold": 0.3,
    "iou_threshold": 0.5
  },
  "time": "2026-06-01 20:38:36"
}