{
  "epoch": 4,
  "loss": {
    "train": 1.692632,
    "val": 1.835639
  },
  "val_detection": {
    "precision": 0.633697,
    "recall": 0.661133,
    "f1": 0.647124,
    "tp": 2031,
    "fp": 1174,
    "fn": 1041,
    "processed_batches": 130
  },
  "eval_config": {
    "score_threshold": 0.3,
    "iou_threshold": 0.5
  },
  "time": "2026-06-01 20:18:01"
}