{
  "epoch": 28,
  "loss": {
    "train": 0.993323,
    "val": 2.265539
  },
  "val_detection": {
    "precision": 0.735242,
    "recall": 0.810872,
    "f1": 0.771207,
    "tp": 2491,
    "fp": 897,
    "fn": 581,
    "processed_batches": 130
  },
  "eval_config": {
    "score_threshold": 0.3,
    "iou_threshold": 0.5
  },
  "time": "2026-06-01 21:02:56"
}