{
  "epoch": 34,
  "loss": {
    "train": 0.898634,
    "val": 2.311937
  },
  "val_detection": {
    "precision": 0.723969,
    "recall": 0.817057,
    "f1": 0.767701,
    "tp": 2510,
    "fp": 957,
    "fn": 562,
    "processed_batches": 130
  },
  "eval_config": {
    "score_threshold": 0.3,
    "iou_threshold": 0.5
  },
  "time": "2026-06-01 21:14:07"
}