{
  "epoch": 32,
  "loss": {
    "train": 0.914112,
    "val": 2.258111
  },
  "val_detection": {
    "precision": 0.735608,
    "recall": 0.806966,
    "f1": 0.769637,
    "tp": 2479,
    "fp": 891,
    "fn": 593,
    "processed_batches": 130
  },
  "eval_config": {
    "score_threshold": 0.3,
    "iou_threshold": 0.5
  },
  "time": "2026-06-01 21:10:24"
}