{
  "epoch": 17,
  "loss": {
    "train": 1.159595,
    "val": 2.150981
  },
  "val_detection": {
    "precision": 0.719929,
    "recall": 0.794922,
    "f1": 0.755569,
    "tp": 2442,
    "fp": 950,
    "fn": 630,
    "processed_batches": 130
  },
  "eval_config": {
    "score_threshold": 0.3,
    "iou_threshold": 0.5
  },
  "time": "2026-06-01 20:42:21"
}