{
  "epoch": 12,
  "loss": {
    "train": 1.317204,
    "val": 2.061971
  },
  "val_detection": {
    "precision": 0.71128,
    "recall": 0.792318,
    "f1": 0.749615,
    "tp": 2434,
    "fp": 988,
    "fn": 638,
    "processed_batches": 130
  },
  "eval_config": {
    "score_threshold": 0.3,
    "iou_threshold": 0.5
  },
  "time": "2026-06-01 20:33:01"
}