{
  "epoch": 7,
  "loss": {
    "train": 1.621786,
    "val": 2.084121
  },
  "val_detection": {
    "precision": 0.644813,
    "recall": 0.758789,
    "f1": 0.697174,
    "tp": 2331,
    "fp": 1284,
    "fn": 741,
    "processed_batches": 130
  },
  "eval_config": {
    "score_threshold": 0.3,
    "iou_threshold": 0.5
  },
  "time": "2026-06-01 20:23:41"
}