{
  "epoch": 26,
  "loss": {
    "train": 0.987306,
    "val": 2.171117
  },
  "val_detection": {
    "precision": 0.736764,
    "recall": 0.806315,
    "f1": 0.769972,
    "tp": 2477,
    "fp": 885,
    "fn": 595,
    "processed_batches": 130
  },
  "eval_config": {
    "score_threshold": 0.3,
    "iou_threshold": 0.5
  },
  "time": "2026-06-01 20:59:12"
}