{
  "epoch": 30,
  "loss": {
    "train": 0.944331,
    "val": 2.24312
  },
  "val_detection": {
    "precision": 0.744985,
    "recall": 0.797852,
    "f1": 0.770512,
    "tp": 2451,
    "fp": 839,
    "fn": 621,
    "processed_batches": 130
  },
  "eval_config": {
    "score_threshold": 0.3,
    "iou_threshold": 0.5
  },
  "time": "2026-06-01 21:06:40"
}