{
  "epoch": 18,
  "loss": {
    "train": 1.145148,
    "val": 2.138282
  },
  "val_detection": {
    "precision": 0.713705,
    "recall": 0.80013,
    "f1": 0.754451,
    "tp": 2458,
    "fp": 986,
    "fn": 614,
    "processed_batches": 130
  },
  "eval_config": {
    "score_threshold": 0.3,
    "iou_threshold": 0.5
  },
  "time": "2026-06-01 20:44:13"
}