{
  "epoch": 8,
  "loss": {
    "train": 1.544987,
    "val": 1.963772
  },
  "val_detection": {
    "precision": 0.673481,
    "recall": 0.772135,
    "f1": 0.719442,
    "tp": 2372,
    "fp": 1150,
    "fn": 700,
    "processed_batches": 130
  },
  "eval_config": {
    "score_threshold": 0.3,
    "iou_threshold": 0.5
  },
  "time": "2026-06-01 20:25:32"
}