{
  "epoch": 14,
  "loss": {
    "train": 1.239517,
    "val": 2.117494
  },
  "val_detection": {
    "precision": 0.707773,
    "recall": 0.788411,
    "f1": 0.745919,
    "tp": 2422,
    "fp": 1000,
    "fn": 650,
    "processed_batches": 130
  },
  "eval_config": {
    "score_threshold": 0.3,
    "iou_threshold": 0.5
  },
  "time": "2026-06-01 20:36:44"
}