{
  "epoch": 20,
  "loss": {
    "train": 0.268298,
    "val": 0.736839
  },
  "val_detection": {
    "precision": 0.771135,
    "recall": 0.902669,
    "f1": 0.831734,
    "tp": 2773,
    "fp": 823,
    "fn": 299,
    "processed_batches": 130
  },
  "eval_config": {
    "score_threshold": 0.3,
    "iou_threshold": 0.5
  },
  "time": "2026-06-02 02:53:03"
}