{
  "epoch": 14,
  "loss": {
    "train": 0.338917,
    "val": 0.676196
  },
  "val_detection": {
    "precision": 0.781925,
    "recall": 0.906901,
    "f1": 0.839789,
    "tp": 2786,
    "fp": 777,
    "fn": 286,
    "processed_batches": 130
  },
  "eval_config": {
    "score_threshold": 0.3,
    "iou_threshold": 0.5
  },
  "time": "2026-06-02 02:38:26"
}