{
  "epoch": 6,
  "loss": {
    "train": 0.542189,
    "val": 0.648258
  },
  "val_detection": {
    "precision": 0.762455,
    "recall": 0.901693,
    "f1": 0.826249,
    "tp": 2770,
    "fp": 863,
    "fn": 302,
    "processed_batches": 130
  },
  "eval_config": {
    "score_threshold": 0.3,
    "iou_threshold": 0.5
  },
  "time": "2026-06-02 02:18:48"
}