{
  "epoch": 32,
  "loss": {
    "train": 0.186496,
    "val": 0.7741
  },
  "val_detection": {
    "precision": 0.807726,
    "recall": 0.898438,
    "f1": 0.85067,
    "tp": 2760,
    "fp": 657,
    "fn": 312,
    "processed_batches": 130
  },
  "eval_config": {
    "score_threshold": 0.3,
    "iou_threshold": 0.5
  },
  "time": "2026-06-02 03:22:14"
}