{
  "epoch": 25,
  "loss": {
    "train": 0.218664,
    "val": 0.729572
  },
  "val_detection": {
    "precision": 0.80747,
    "recall": 0.907878,
    "f1": 0.854735,
    "tp": 2789,
    "fp": 665,
    "fn": 283,
    "processed_batches": 130
  },
  "eval_config": {
    "score_threshold": 0.3,
    "iou_threshold": 0.5
  },
  "time": "2026-06-02 03:05:12"
}