{
  "epoch": 15,
  "loss": {
    "train": 0.32168,
    "val": 0.698256
  },
  "val_detection": {
    "precision": 0.776912,
    "recall": 0.90918,
    "f1": 0.837858,
    "tp": 2793,
    "fp": 802,
    "fn": 279,
    "processed_batches": 130
  },
  "eval_config": {
    "score_threshold": 0.3,
    "iou_threshold": 0.5
  },
  "time": "2026-06-02 02:40:52"
}