{
  "epoch": 10,
  "loss": {
    "train": 0.430468,
    "val": 0.668786
  },
  "val_detection": {
    "precision": 0.749194,
    "recall": 0.908203,
    "f1": 0.821071,
    "tp": 2790,
    "fp": 934,
    "fn": 282,
    "processed_batches": 130
  },
  "eval_config": {
    "score_threshold": 0.3,
    "iou_threshold": 0.5
  },
  "time": "2026-06-02 02:28:39"
}