{
  "epoch": 17,
  "loss": {
    "train": 0.287799,
    "val": 0.702885
  },
  "val_detection": {
    "precision": 0.76612,
    "recall": 0.91276,
    "f1": 0.833036,
    "tp": 2804,
    "fp": 856,
    "fn": 268,
    "processed_batches": 130
  },
  "eval_config": {
    "score_threshold": 0.3,
    "iou_threshold": 0.5
  },
  "time": "2026-06-02 02:45:44"
}