{
  "epoch": 9,
  "loss": {
    "train": 0.456429,
    "val": 0.651917
  },
  "val_detection": {
    "precision": 0.792528,
    "recall": 0.911458,
    "f1": 0.847843,
    "tp": 2800,
    "fp": 733,
    "fn": 272,
    "processed_batches": 130
  },
  "eval_config": {
    "score_threshold": 0.3,
    "iou_threshold": 0.5
  },
  "time": "2026-06-02 02:26:10"
}