{
  "epoch": 12,
  "loss": {
    "train": 0.385273,
    "val": 0.681814
  },
  "val_detection": {
    "precision": 0.796376,
    "recall": 0.901367,
    "f1": 0.845625,
    "tp": 2769,
    "fp": 708,
    "fn": 303,
    "processed_batches": 130
  },
  "eval_config": {
    "score_threshold": 0.3,
    "iou_threshold": 0.5
  },
  "time": "2026-06-02 02:33:32"
}