{
  "epoch": 29,
  "loss": {
    "train": 0.204302,
    "val": 0.754798
  },
  "val_detection": {
    "precision": 0.812847,
    "recall": 0.90625,
    "f1": 0.857011,
    "tp": 2784,
    "fp": 641,
    "fn": 288,
    "processed_batches": 130
  },
  "eval_config": {
    "score_threshold": 0.3,
    "iou_threshold": 0.5
  },
  "time": "2026-06-02 03:14:57"
}