{
  "epoch": 34,
  "loss": {
    "train": 0.187746,
    "val": 0.765949
  },
  "val_detection": {
    "precision": 0.801672,
    "recall": 0.905273,
    "f1": 0.850329,
    "tp": 2781,
    "fp": 688,
    "fn": 291,
    "processed_batches": 130
  },
  "eval_config": {
    "score_threshold": 0.3,
    "iou_threshold": 0.5
  },
  "time": "2026-06-02 03:27:05"
}