{
  "epoch": 23,
  "loss": {
    "train": 0.237783,
    "val": 0.780458
  },
  "val_detection": {
    "precision": 0.800696,
    "recall": 0.898438,
    "f1": 0.846756,
    "tp": 2760,
    "fp": 687,
    "fn": 312,
    "processed_batches": 130
  },
  "eval_config": {
    "score_threshold": 0.3,
    "iou_threshold": 0.5
  },
  "time": "2026-06-02 03:00:20"
}