{
  "epoch": 11,
  "loss": {
    "train": 0.408642,
    "val": 0.684976
  },
  "val_detection": {
    "precision": 0.784554,
    "recall": 0.896159,
    "f1": 0.836651,
    "tp": 2753,
    "fp": 756,
    "fn": 319,
    "processed_batches": 130
  },
  "eval_config": {
    "score_threshold": 0.3,
    "iou_threshold": 0.5
  },
  "time": "2026-06-02 02:31:06"
}