{
  "epoch": 4,
  "loss": {
    "train": 0.611577,
    "val": 0.678985
  },
  "val_detection": {
    "precision": 0.730026,
    "recall": 0.910156,
    "f1": 0.8102,
    "tp": 2796,
    "fp": 1034,
    "fn": 276,
    "processed_batches": 130
  },
  "eval_config": {
    "score_threshold": 0.3,
    "iou_threshold": 0.5
  },
  "time": "2026-06-02 02:13:51"
}