{
  "epoch": 16,
  "loss": {
    "train": 0.310595,
    "val": 0.700719
  },
  "val_detection": {
    "precision": 0.785978,
    "recall": 0.901367,
    "f1": 0.839727,
    "tp": 2769,
    "fp": 754,
    "fn": 303,
    "processed_batches": 130
  },
  "eval_config": {
    "score_threshold": 0.3,
    "iou_threshold": 0.5
  },
  "time": "2026-06-02 02:43:18"
}