{
  "epoch": 31,
  "loss": {
    "train": 0.1887,
    "val": 0.785694
  },
  "val_detection": {
    "precision": 0.802191,
    "recall": 0.905599,
    "f1": 0.850765,
    "tp": 2782,
    "fp": 686,
    "fn": 290,
    "processed_batches": 130
  },
  "eval_config": {
    "score_threshold": 0.3,
    "iou_threshold": 0.5
  },
  "time": "2026-06-02 03:19:49"
}