{
  "epoch": 24,
  "loss": {
    "train": 0.231848,
    "val": 0.732795
  },
  "val_detection": {
    "precision": 0.810035,
    "recall": 0.90918,
    "f1": 0.856748,
    "tp": 2793,
    "fp": 655,
    "fn": 279,
    "processed_batches": 130
  },
  "eval_config": {
    "score_threshold": 0.3,
    "iou_threshold": 0.5
  },
  "time": "2026-06-02 03:02:46"
}