{
  "epoch": 21,
  "loss": {
    "train": 0.253444,
    "val": 0.728721
  },
  "val_detection": {
    "precision": 0.782731,
    "recall": 0.908854,
    "f1": 0.841091,
    "tp": 2792,
    "fp": 775,
    "fn": 280,
    "processed_batches": 130
  },
  "eval_config": {
    "score_threshold": 0.3,
    "iou_threshold": 0.5
  },
  "time": "2026-06-02 02:55:29"
}