{
  "epoch": 33,
  "loss": {
    "train": 0.188069,
    "val": 0.784109
  },
  "val_detection": {
    "precision": 0.802776,
    "recall": 0.903646,
    "f1": 0.85023,
    "tp": 2776,
    "fp": 682,
    "fn": 296,
    "processed_batches": 130
  },
  "eval_config": {
    "score_threshold": 0.3,
    "iou_threshold": 0.5
  },
  "time": "2026-06-02 03:24:40"
}