{
  "epoch": 1,
  "loss": {
    "train": 1.08913,
    "val": 0.794069
  },
  "val_detection": {
    "precision": 0.630754,
    "recall": 0.851888,
    "f1": 0.72483,
    "tp": 2617,
    "fp": 1532,
    "fn": 455,
    "processed_batches": 130
  },
  "eval_config": {
    "score_threshold": 0.3,
    "iou_threshold": 0.5
  },
  "time": "2026-06-02 02:06:13"
}