{
  "epoch": 18,
  "loss": {
    "train": 0.28774,
    "val": 0.756041
  },
  "val_detection": {
    "precision": 0.80354,
    "recall": 0.901367,
    "f1": 0.849647,
    "tp": 2769,
    "fp": 677,
    "fn": 303,
    "processed_batches": 130
  },
  "eval_config": {
    "score_threshold": 0.3,
    "iou_threshold": 0.5
  },
  "time": "2026-06-02 02:48:11"
}