{
  "epoch": 29,
  "loss": {
    "train": 0.23608,
    "val": 0.821911
  },
  "val_detection": {
    "precision": 0.772239,
    "recall": 0.91276,
    "f1": 0.83664,
    "tp": 2804,
    "fp": 827,
    "fn": 268,
    "processed_batches": 130
  },
  "eval_config": {
    "score_threshold": 0.3,
    "iou_threshold": 0.5
  },
  "time": "2026-06-02 01:44:51"
}