{
  "epoch": 9,
  "loss": {
    "train": 0.480717,
    "val": 0.743781
  },
  "val_detection": {
    "precision": 0.71577,
    "recall": 0.89681,
    "f1": 0.796128,
    "tp": 2755,
    "fp": 1094,
    "fn": 317,
    "processed_batches": 130
  },
  "eval_config": {
    "score_threshold": 0.3,
    "iou_threshold": 0.5
  },
  "time": "2026-06-02 00:59:52"
}