{
  "epoch": 22,
  "loss": {
    "train": 0.27871,
    "val": 0.796067
  },
  "val_detection": {
    "precision": 0.755711,
    "recall": 0.915365,
    "f1": 0.827911,
    "tp": 2812,
    "fp": 909,
    "fn": 260,
    "processed_batches": 130
  },
  "eval_config": {
    "score_threshold": 0.3,
    "iou_threshold": 0.5
  },
  "time": "2026-06-02 01:29:12"
}