{
  "epoch": 32,
  "loss": {
    "train": 0.22185,
    "val": 0.83017
  },
  "val_detection": {
    "precision": 0.755959,
    "recall": 0.908529,
    "f1": 0.825251,
    "tp": 2791,
    "fp": 901,
    "fn": 281,
    "processed_batches": 130
  },
  "eval_config": {
    "score_threshold": 0.3,
    "iou_threshold": 0.5
  },
  "time": "2026-06-02 01:51:29"
}