{
  "epoch": 20,
  "loss": {
    "train": 0.299941,
    "val": 0.772324
  },
  "val_detection": {
    "precision": 0.754107,
    "recall": 0.911458,
    "f1": 0.82535,
    "tp": 2800,
    "fp": 913,
    "fn": 272,
    "processed_batches": 130
  },
  "eval_config": {
    "score_threshold": 0.3,
    "iou_threshold": 0.5
  },
  "time": "2026-06-02 01:24:42"
}