{
  "epoch": 21,
  "loss": {
    "train": 0.287988,
    "val": 0.778815
  },
  "val_detection": {
    "precision": 0.752473,
    "recall": 0.916341,
    "f1": 0.826361,
    "tp": 2815,
    "fp": 926,
    "fn": 257,
    "processed_batches": 130
  },
  "eval_config": {
    "score_threshold": 0.3,
    "iou_threshold": 0.5
  },
  "time": "2026-06-02 01:26:57"
}