{
  "epoch": 28,
  "loss": {
    "train": 0.243181,
    "val": 0.812686
  },
  "val_detection": {
    "precision": 0.750939,
    "recall": 0.910807,
    "f1": 0.823183,
    "tp": 2798,
    "fp": 928,
    "fn": 274,
    "processed_batches": 130
  },
  "eval_config": {
    "score_threshold": 0.3,
    "iou_threshold": 0.5
  },
  "time": "2026-06-02 01:42:38"
}