{
  "epoch": 11,
  "loss": {
    "train": 0.421065,
    "val": 0.728495
  },
  "val_detection": {
    "precision": 0.73349,
    "recall": 0.914714,
    "f1": 0.814139,
    "tp": 2810,
    "fp": 1021,
    "fn": 262,
    "processed_batches": 130
  },
  "eval_config": {
    "score_threshold": 0.3,
    "iou_threshold": 0.5
  },
  "time": "2026-06-02 01:04:23"
}