{
  "epoch": 31,
  "loss": {
    "train": 0.229149,
    "val": 0.821652
  },
  "val_detection": {
    "precision": 0.76847,
    "recall": 0.910807,
    "f1": 0.833606,
    "tp": 2798,
    "fp": 843,
    "fn": 274,
    "processed_batches": 130
  },
  "eval_config": {
    "score_threshold": 0.3,
    "iou_threshold": 0.5
  },
  "time": "2026-06-02 01:49:17"
}