{
  "epoch": 6,
  "loss": {
    "train": 0.579839,
    "val": 0.730054
  },
  "val_detection": {
    "precision": 0.719019,
    "recall": 0.897135,
    "f1": 0.798262,
    "tp": 2756,
    "fp": 1077,
    "fn": 316,
    "processed_batches": 130
  },
  "eval_config": {
    "score_threshold": 0.3,
    "iou_threshold": 0.5
  },
  "time": "2026-06-02 00:53:07"
}