{
  "epoch": 15,
  "loss": {
    "train": 0.353093,
    "val": 0.755401
  },
  "val_detection": {
    "precision": 0.738708,
    "recall": 0.91569,
    "f1": 0.817733,
    "tp": 2813,
    "fp": 995,
    "fn": 259,
    "processed_batches": 130
  },
  "eval_config": {
    "score_threshold": 0.3,
    "iou_threshold": 0.5
  },
  "time": "2026-06-02 01:13:25"
}