{
  "epoch": 27,
  "loss": {
    "train": 0.246179,
    "val": 0.818294
  },
  "val_detection": {
    "precision": 0.763187,
    "recall": 0.913737,
    "f1": 0.831704,
    "tp": 2807,
    "fp": 871,
    "fn": 265,
    "processed_batches": 130
  },
  "eval_config": {
    "score_threshold": 0.3,
    "iou_threshold": 0.5
  },
  "time": "2026-06-02 01:40:23"
}