{
  "epoch": 33,
  "loss": {
    "train": 0.222393,
    "val": 0.81314
  },
  "val_detection": {
    "precision": 0.746086,
    "recall": 0.915365,
    "f1": 0.822102,
    "tp": 2812,
    "fp": 957,
    "fn": 260,
    "processed_batches": 130
  },
  "eval_config": {
    "score_threshold": 0.3,
    "iou_threshold": 0.5
  },
  "time": "2026-06-02 01:53:41"
}