{
  "epoch": 19,
  "loss": {
    "train": 0.299877,
    "val": 0.809538
  },
  "val_detection": {
    "precision": 0.748385,
    "recall": 0.905273,
    "f1": 0.819387,
    "tp": 2781,
    "fp": 935,
    "fn": 291,
    "processed_batches": 130
  },
  "eval_config": {
    "score_threshold": 0.3,
    "iou_threshold": 0.5
  },
  "time": "2026-06-02 01:22:26"
}