{
  "epoch": 4,
  "loss": {
    "train": 0.666386,
    "val": 0.744497
  },
  "val_detection": {
    "precision": 0.694548,
    "recall": 0.908203,
    "f1": 0.787135,
    "tp": 2790,
    "fp": 1227,
    "fn": 282,
    "processed_batches": 130
  },
  "eval_config": {
    "score_threshold": 0.3,
    "iou_threshold": 0.5
  },
  "time": "2026-06-02 00:48:37"
}