{
  "epoch": 14,
  "loss": {
    "train": 0.372238,
    "val": 0.771023
  },
  "val_detection": {
    "precision": 0.739799,
    "recall": 0.908854,
    "f1": 0.815659,
    "tp": 2792,
    "fp": 982,
    "fn": 280,
    "processed_batches": 130
  },
  "eval_config": {
    "score_threshold": 0.3,
    "iou_threshold": 0.5
  },
  "time": "2026-06-02 01:11:10"
}