{
  "epoch": 10,
  "loss": {
    "train": 0.450513,
    "val": 0.737209
  },
  "val_detection": {
    "precision": 0.737905,
    "recall": 0.903646,
    "f1": 0.812409,
    "tp": 2776,
    "fp": 986,
    "fn": 296,
    "processed_batches": 130
  },
  "eval_config": {
    "score_threshold": 0.3,
    "iou_threshold": 0.5
  },
  "time": "2026-06-02 01:02:08"
}