{
  "epoch": 36,
  "loss": {
    "train": 0.219659,
    "val": 0.831347
  },
  "val_detection": {
    "precision": 0.754626,
    "recall": 0.916016,
    "f1": 0.827525,
    "tp": 2814,
    "fp": 915,
    "fn": 258,
    "processed_batches": 130
  },
  "eval_config": {
    "score_threshold": 0.3,
    "iou_threshold": 0.5
  },
  "time": "2026-06-02 02:00:21"
}