{
  "epoch": 16,
  "loss": {
    "train": 0.341137,
    "val": 0.781257
  },
  "val_detection": {
    "precision": 0.759442,
    "recall": 0.90332,
    "f1": 0.825156,
    "tp": 2775,
    "fp": 879,
    "fn": 297,
    "processed_batches": 130
  },
  "eval_config": {
    "score_threshold": 0.3,
    "iou_threshold": 0.5
  },
  "time": "2026-06-02 01:15:40"
}