{
  "epoch": 26,
  "loss": {
    "train": 0.252636,
    "val": 0.792687
  },
  "val_detection": {
    "precision": 0.749134,
    "recall": 0.914714,
    "f1": 0.823685,
    "tp": 2810,
    "fp": 941,
    "fn": 262,
    "processed_batches": 130
  },
  "eval_config": {
    "score_threshold": 0.3,
    "iou_threshold": 0.5
  },
  "time": "2026-06-02 01:38:10"
}