{
  "epoch": 13,
  "loss": {
    "train": 0.391752,
    "val": 0.761036
  },
  "val_detection": {
    "precision": 0.740967,
    "recall": 0.907878,
    "f1": 0.815974,
    "tp": 2789,
    "fp": 975,
    "fn": 283,
    "processed_batches": 130
  },
  "eval_config": {
    "score_threshold": 0.3,
    "iou_threshold": 0.5
  },
  "time": "2026-06-02 01:08:55"
}