{
  "epoch": 2,
  "loss": {
    "train": 0.799718,
    "val": 0.792216
  },
  "val_detection": {
    "precision": 0.606699,
    "recall": 0.890299,
    "f1": 0.721636,
    "tp": 2735,
    "fp": 1773,
    "fn": 337,
    "processed_batches": 130
  },
  "eval_config": {
    "score_threshold": 0.3,
    "iou_threshold": 0.5
  },
  "time": "2026-06-02 00:44:07"
}