{
  "epoch": 10,
  "loss": {
    "train": 1.626309,
    "val": 2.287573
  },
  "val_detection": {
    "precision": 0.5522,
    "recall": 0.625,
    "f1": 0.586349,
    "tp": 1920,
    "fp": 1557,
    "fn": 1152,
    "processed_batches": 130
  },
  "eval_config": {
    "score_threshold": 0.3,
    "iou_threshold": 0.5
  },
  "time": "2026-06-01 02:53:35"
}