{
  "epoch": 38,
  "loss": {
    "train": 1.022398,
    "val": 2.787501
  },
  "val_detection": {
    "precision": 0.560386,
    "recall": 0.679688,
    "f1": 0.614298,
    "tp": 2088,
    "fp": 1638,
    "fn": 984,
    "processed_batches": 130
  },
  "eval_config": {
    "score_threshold": 0.3,
    "iou_threshold": 0.5
  },
  "time": "2026-06-01 03:38:42"
}