{
  "epoch": 6,
  "loss": {
    "train": 1.760818,
    "val": 2.184842
  },
  "val_detection": {
    "precision": 0.526476,
    "recall": 0.563151,
    "f1": 0.544196,
    "tp": 1730,
    "fp": 1556,
    "fn": 1342,
    "processed_batches": 130
  },
  "eval_config": {
    "score_threshold": 0.3,
    "iou_threshold": 0.5
  },
  "time": "2026-06-01 02:47:01"
}