{
  "epoch": 3,
  "loss": {
    "train": 1.869246,
    "val": 1.744828
  },
  "val_detection": {
    "precision": 0.528003,
    "recall": 0.530924,
    "f1": 0.52946,
    "tp": 1631,
    "fp": 1458,
    "fn": 1441,
    "processed_batches": 130
  },
  "eval_config": {
    "score_threshold": 0.3,
    "iou_threshold": 0.5
  },
  "time": "2026-06-01 02:41:52"
}