{
  "epoch": 14,
  "loss": {
    "train": 1.436399,
    "val": 2.496209
  },
  "val_detection": {
    "precision": 0.527947,
    "recall": 0.676432,
    "f1": 0.593037,
    "tp": 2078,
    "fp": 1858,
    "fn": 994,
    "processed_batches": 130
  },
  "eval_config": {
    "score_threshold": 0.3,
    "iou_threshold": 0.5
  },
  "time": "2026-06-01 03:00:09"
}