{
  "epoch": 19,
  "loss": {
    "train": 1.33645,
    "val": 2.626287
  },
  "val_detection": {
    "precision": 0.554327,
    "recall": 0.669271,
    "f1": 0.6064,
    "tp": 2056,
    "fp": 1653,
    "fn": 1016,
    "processed_batches": 130
  },
  "eval_config": {
    "score_threshold": 0.3,
    "iou_threshold": 0.5
  },
  "time": "2026-06-01 03:08:12"
}