{
  "epoch": 1,
  "loss": {
    "train": 1.662352,
    "val": 1.795999
  },
  "val_detection": {
    "precision": 0.455829,
    "recall": 0.451823,
    "f1": 0.453817,
    "tp": 1388,
    "fp": 1657,
    "fn": 1684,
    "processed_batches": 130
  },
  "eval_config": {
    "score_threshold": 0.3,
    "iou_threshold": 0.5
  },
  "time": "2026-06-01 02:38:09"
}