{
  "epoch": 35,
  "loss": {
    "train": 1.063535,
    "val": 2.75484
  },
  "val_detection": {
    "precision": 0.565772,
    "recall": 0.679036,
    "f1": 0.617251,
    "tp": 2086,
    "fp": 1601,
    "fn": 986,
    "processed_batches": 130
  },
  "eval_config": {
    "score_threshold": 0.3,
    "iou_threshold": 0.5
  },
  "time": "2026-06-01 03:33:53"
}