{
  "epoch": 18,
  "loss": {
    "train": 1.351154,
    "val": 2.405349
  },
  "val_detection": {
    "precision": 0.549697,
    "recall": 0.678711,
    "f1": 0.607429,
    "tp": 2085,
    "fp": 1708,
    "fn": 987,
    "processed_batches": 130
  },
  "eval_config": {
    "score_threshold": 0.3,
    "iou_threshold": 0.5
  },
  "time": "2026-06-01 03:06:35"
}