{
  "epoch": 5,
  "loss": {
    "train": 1.787881,
    "val": 1.958721
  },
  "val_detection": {
    "precision": 0.515178,
    "recall": 0.585612,
    "f1": 0.548141,
    "tp": 1799,
    "fp": 1693,
    "fn": 1273,
    "processed_batches": 130
  },
  "eval_config": {
    "score_threshold": 0.3,
    "iou_threshold": 0.5
  },
  "time": "2026-06-01 02:45:17"
}