{
  "epoch": 15,
  "loss": {
    "train": 1.397912,
    "val": 2.570549
  },
  "val_detection": {
    "precision": 0.529966,
    "recall": 0.65918,
    "f1": 0.587553,
    "tp": 2025,
    "fp": 1796,
    "fn": 1047,
    "processed_batches": 130
  },
  "eval_config": {
    "score_threshold": 0.3,
    "iou_threshold": 0.5
  },
  "time": "2026-06-01 03:01:45"
}