{
  "epoch": 12,
  "loss": {
    "train": 1.499526,
    "val": 2.328841
  },
  "val_detection": {
    "precision": 0.559375,
    "recall": 0.640951,
    "f1": 0.597391,
    "tp": 1969,
    "fp": 1551,
    "fn": 1103,
    "processed_batches": 130
  },
  "eval_config": {
    "score_threshold": 0.3,
    "iou_threshold": 0.5
  },
  "time": "2026-06-01 02:56:55"
}