{
  "epoch": 25,
  "loss": {
    "train": 1.193968,
    "val": 2.706752
  },
  "val_detection": {
    "precision": 0.558177,
    "recall": 0.685547,
    "f1": 0.61534,
    "tp": 2106,
    "fp": 1667,
    "fn": 966,
    "processed_batches": 130
  },
  "eval_config": {
    "score_threshold": 0.3,
    "iou_threshold": 0.5
  },
  "time": "2026-06-01 03:17:51"
}