{
  "epoch": 20,
  "loss": {
    "train": 1.294038,
    "val": 2.555045
  },
  "val_detection": {
    "precision": 0.545171,
    "recall": 0.681641,
    "f1": 0.605815,
    "tp": 2094,
    "fp": 1747,
    "fn": 978,
    "processed_batches": 130
  },
  "eval_config": {
    "score_threshold": 0.3,
    "iou_threshold": 0.5
  },
  "time": "2026-06-01 03:09:49"
}