{
  "epoch": 8,
  "loss": {
    "train": 1.693521,
    "val": 2.157902
  },
  "val_detection": {
    "precision": 0.525895,
    "recall": 0.621419,
    "f1": 0.569681,
    "tp": 1909,
    "fp": 1721,
    "fn": 1163,
    "processed_batches": 130
  },
  "eval_config": {
    "score_threshold": 0.3,
    "iou_threshold": 0.5
  },
  "time": "2026-06-01 02:50:21"
}