{
  "epoch": 9,
  "loss": {
    "train": 1.645904,
    "val": 2.20165
  },
  "val_detection": {
    "precision": 0.528054,
    "recall": 0.640299,
    "f1": 0.578785,
    "tp": 1967,
    "fp": 1758,
    "fn": 1105,
    "processed_batches": 130
  },
  "eval_config": {
    "score_threshold": 0.3,
    "iou_threshold": 0.5
  },
  "time": "2026-06-01 02:51:58"
}