{
  "epoch": 27,
  "loss": {
    "train": 1.1817,
    "val": 2.759714
  },
  "val_detection": {
    "precision": 0.566874,
    "recall": 0.682943,
    "f1": 0.619519,
    "tp": 2098,
    "fp": 1603,
    "fn": 974,
    "processed_batches": 130
  },
  "eval_config": {
    "score_threshold": 0.3,
    "iou_threshold": 0.5
  },
  "time": "2026-06-01 03:21:03"
}