{
  "epoch": 34,
  "loss": {
    "train": 1.081683,
    "val": 2.70928
  },
  "val_detection": {
    "precision": 0.556338,
    "recall": 0.694336,
    "f1": 0.617724,
    "tp": 2133,
    "fp": 1701,
    "fn": 939,
    "processed_batches": 130
  },
  "eval_config": {
    "score_threshold": 0.3,
    "iou_threshold": 0.5
  },
  "time": "2026-06-01 03:32:17"
}