{
  "epoch": 3,
  "loss": {
    "train": 1.597171,
    "val": 1.824627
  },
  "val_detection": {
    "precision": 0.621491,
    "recall": 0.682979,
    "f1": 0.650786,
    "tp": 642,
    "fp": 391,
    "fn": 298,
    "processed_batches": 40
  },
  "eval_config": {
    "score_threshold": 0.3,
    "iou_threshold": 0.5
  },
  "time": "2026-04-19 15:22:30"
}