{
  "epoch": 5,
  "loss": {
    "train": 1.525307,
    "val": 1.891099
  },
  "val_detection": {
    "precision": 0.648148,
    "recall": 0.744681,
    "f1": 0.693069,
    "tp": 700,
    "fp": 380,
    "fn": 240,
    "processed_batches": 40
  },
  "eval_config": {
    "score_threshold": 0.3,
    "iou_threshold": 0.5
  },
  "time": "2026-04-19 15:26:11"
}