{
  "epoch": 4,
  "loss": {
    "train": 1.538718,
    "val": 1.909094
  },
  "val_detection": {
    "precision": 0.638013,
    "recall": 0.710638,
    "f1": 0.67237,
    "tp": 668,
    "fp": 379,
    "fn": 272,
    "processed_batches": 40
  },
  "eval_config": {
    "score_threshold": 0.3,
    "iou_threshold": 0.5
  },
  "time": "2026-04-19 15:24:22"
}