{
  "epoch": 1,
  "loss": {
    "train": 1.62974,
    "val": 1.515504
  },
  "val_detection": {
    "precision": 0.492944,
    "recall": 0.557447,
    "f1": 0.523215,
    "tp": 524,
    "fp": 539,
    "fn": 416,
    "processed_batches": 40
  },
  "eval_config": {
    "score_threshold": 0.3,
    "iou_threshold": 0.5
  },
  "time": "2026-04-19 15:18:38"
}