{
  "epoch": 2,
  "loss": {
    "train": 1.77745,
    "val": 1.956412
  },
  "val_detection": {
    "precision": 0.439692,
    "recall": 0.501953,
    "f1": 0.468764,
    "tp": 1542,
    "fp": 1965,
    "fn": 1530,
    "processed_batches": 130
  },
  "eval_config": {
    "score_threshold": 0.3,
    "iou_threshold": 0.5
  },
  "time": "2026-06-01 21:20:16"
}