{
  "epoch": 29,
  "loss": {
    "train": 1.208024,
    "val": 2.824968
  },
  "val_detection": {
    "precision": 0.514155,
    "recall": 0.697591,
    "f1": 0.591989,
    "tp": 2143,
    "fp": 2025,
    "fn": 929,
    "processed_batches": 130
  },
  "eval_config": {
    "score_threshold": 0.3,
    "iou_threshold": 0.5
  },
  "time": "2026-06-01 22:04:26"
}