{
  "epoch": 34,
  "loss": {
    "train": 1.138595,
    "val": 2.883384
  },
  "val_detection": {
    "precision": 0.526626,
    "recall": 0.698568,
    "f1": 0.600532,
    "tp": 2146,
    "fp": 1929,
    "fn": 926,
    "processed_batches": 130
  },
  "eval_config": {
    "score_threshold": 0.3,
    "iou_threshold": 0.5
  },
  "time": "2026-06-01 22:12:31"
}