{
  "epoch": 35,
  "loss": {
    "train": 1.12946,
    "val": 2.943972
  },
  "val_detection": {
    "precision": 0.534866,
    "recall": 0.696615,
    "f1": 0.605118,
    "tp": 2140,
    "fp": 1861,
    "fn": 932,
    "processed_batches": 130
  },
  "eval_config": {
    "score_threshold": 0.3,
    "iou_threshold": 0.5
  },
  "time": "2026-06-01 22:14:08"
}