{
  "epoch": 11,
  "loss": {
    "train": 1.602703,
    "val": 2.357474
  },
  "val_detection": {
    "precision": 0.532135,
    "recall": 0.636068,
    "f1": 0.579478,
    "tp": 1954,
    "fp": 1718,
    "fn": 1118,
    "processed_batches": 130
  },
  "eval_config": {
    "score_threshold": 0.3,
    "iou_threshold": 0.5
  },
  "time": "2026-06-01 21:35:05"
}