{
  "epoch": 8,
  "loss": {
    "train": 1.750698,
    "val": 2.248843
  },
  "val_detection": {
    "precision": 0.491976,
    "recall": 0.638672,
    "f1": 0.555807,
    "tp": 1962,
    "fp": 2026,
    "fn": 1110,
    "processed_batches": 130
  },
  "eval_config": {
    "score_threshold": 0.3,
    "iou_threshold": 0.5
  },
  "time": "2026-06-01 21:30:09"
}