{
  "epoch": 1,
  "loss": {
    "train": 1.631485,
    "val": 1.829771
  },
  "val_detection": {
    "precision": 0.382506,
    "recall": 0.454102,
    "f1": 0.41524,
    "tp": 1395,
    "fp": 2252,
    "fn": 1677,
    "processed_batches": 130
  },
  "eval_config": {
    "score_threshold": 0.3,
    "iou_threshold": 0.5
  },
  "time": "2026-06-01 21:18:34"
}