{
  "epoch": 28,
  "loss": {
    "train": 1.215501,
    "val": 2.930439
  },
  "val_detection": {
    "precision": 0.534699,
    "recall": 0.679688,
    "f1": 0.598538,
    "tp": 2088,
    "fp": 1817,
    "fn": 984,
    "processed_batches": 130
  },
  "eval_config": {
    "score_threshold": 0.3,
    "iou_threshold": 0.5
  },
  "time": "2026-06-01 22:02:49"
}