{
  "epoch": 33,
  "loss": {
    "train": 1.163095,
    "val": 2.862865
  },
  "val_detection": {
    "precision": 0.538092,
    "recall": 0.692057,
    "f1": 0.605439,
    "tp": 2126,
    "fp": 1825,
    "fn": 946,
    "processed_batches": 130
  },
  "eval_config": {
    "score_threshold": 0.3,
    "iou_threshold": 0.5
  },
  "time": "2026-06-01 22:10:54"
}