{
  "epoch": 22,
  "loss": {
    "train": 1.319372,
    "val": 2.750779
  },
  "val_detection": {
    "precision": 0.518847,
    "recall": 0.685547,
    "f1": 0.59066,
    "tp": 2106,
    "fp": 1953,
    "fn": 966,
    "processed_batches": 130
  },
  "eval_config": {
    "score_threshold": 0.3,
    "iou_threshold": 0.5
  },
  "time": "2026-06-01 21:53:08"
}