{
  "epoch": 41,
  "loss": {
    "train": 1.064813,
    "val": 2.963814
  },
  "val_detection": {
    "precision": 0.536303,
    "recall": 0.67806,
    "f1": 0.598907,
    "tp": 2083,
    "fp": 1801,
    "fn": 989,
    "processed_batches": 130
  },
  "eval_config": {
    "score_threshold": 0.3,
    "iou_threshold": 0.5
  },
  "time": "2026-06-01 22:23:49"
}