{
  "epoch": 16,
  "loss": {
    "train": 1.475141,
    "val": 2.59673
  },
  "val_detection": {
    "precision": 0.518145,
    "recall": 0.669271,
    "f1": 0.584091,
    "tp": 2056,
    "fp": 1912,
    "fn": 1016,
    "processed_batches": 130
  },
  "eval_config": {
    "score_threshold": 0.3,
    "iou_threshold": 0.5
  },
  "time": "2026-06-01 21:43:21"
}