{
  "epoch": 26,
  "loss": {
    "train": 1.247418,
    "val": 2.704204
  },
  "val_detection": {
    "precision": 0.520335,
    "recall": 0.687174,
    "f1": 0.592229,
    "tp": 2111,
    "fp": 1946,
    "fn": 961,
    "processed_batches": 130
  },
  "eval_config": {
    "score_threshold": 0.3,
    "iou_threshold": 0.5
  },
  "time": "2026-06-01 21:59:36"
}