{
  "epoch": 17,
  "loss": {
    "train": 1.430473,
    "val": 2.459118
  },
  "val_detection": {
    "precision": 0.512285,
    "recall": 0.678711,
    "f1": 0.58387,
    "tp": 2085,
    "fp": 1985,
    "fn": 987,
    "processed_batches": 130
  },
  "eval_config": {
    "score_threshold": 0.3,
    "iou_threshold": 0.5
  },
  "time": "2026-06-01 21:45:00"
}