{
  "epoch": 27,
  "loss": {
    "train": 1.231497,
    "val": 2.788651
  },
  "val_detection": {
    "precision": 0.534381,
    "recall": 0.675456,
    "f1": 0.596693,
    "tp": 2075,
    "fp": 1808,
    "fn": 997,
    "processed_batches": 130
  },
  "eval_config": {
    "score_threshold": 0.3,
    "iou_threshold": 0.5
  },
  "time": "2026-06-01 22:01:13"
}