{
  "epoch": 5,
  "loss": {
    "train": 1.795066,
    "val": 2.05213
  },
  "val_detection": {
    "precision": 0.469473,
    "recall": 0.588216,
    "f1": 0.522179,
    "tp": 1807,
    "fp": 2042,
    "fn": 1265,
    "processed_batches": 130
  },
  "eval_config": {
    "score_threshold": 0.3,
    "iou_threshold": 0.5
  },
  "time": "2026-06-01 21:25:14"
}