{
  "epoch": 31,
  "loss": {
    "train": 1.168507,
    "val": 2.819513
  },
  "val_detection": {
    "precision": 0.528539,
    "recall": 0.684245,
    "f1": 0.596397,
    "tp": 2102,
    "fp": 1875,
    "fn": 970,
    "processed_batches": 130
  },
  "eval_config": {
    "score_threshold": 0.3,
    "iou_threshold": 0.5
  },
  "time": "2026-06-01 22:07:40"
}