{
  "epoch": 19,
  "loss": {
    "train": 1.387594,
    "val": 2.634512
  },
  "val_detection": {
    "precision": 0.520688,
    "recall": 0.680013,
    "f1": 0.58978,
    "tp": 2089,
    "fp": 1923,
    "fn": 983,
    "processed_batches": 130
  },
  "eval_config": {
    "score_threshold": 0.3,
    "iou_threshold": 0.5
  },
  "time": "2026-06-01 21:48:15"
}