{
  "epoch": 20,
  "loss": {
    "train": 1.344895,
    "val": 2.590521
  },
  "val_detection": {
    "precision": 0.528472,
    "recall": 0.688802,
    "f1": 0.598078,
    "tp": 2116,
    "fp": 1888,
    "fn": 956,
    "processed_batches": 130
  },
  "eval_config": {
    "score_threshold": 0.3,
    "iou_threshold": 0.5
  },
  "time": "2026-06-01 21:49:53"
}