{
  "epoch": 15,
  "loss": {
    "train": 1.494222,
    "val": 2.489019
  },
  "val_detection": {
    "precision": 0.511964,
    "recall": 0.66862,
    "f1": 0.579898,
    "tp": 2054,
    "fp": 1958,
    "fn": 1018,
    "processed_batches": 130
  },
  "eval_config": {
    "score_threshold": 0.3,
    "iou_threshold": 0.5
  },
  "time": "2026-06-01 21:41:42"
}