{
  "epoch": 38,
  "loss": {
    "train": 1.110015,
    "val": 2.906856
  },
  "val_detection": {
    "precision": 0.528529,
    "recall": 0.699544,
    "f1": 0.602129,
    "tp": 2149,
    "fp": 1917,
    "fn": 923,
    "processed_batches": 130
  },
  "eval_config": {
    "score_threshold": 0.3,
    "iou_threshold": 0.5
  },
  "time": "2026-06-01 22:18:58"
}