{
  "epoch": 32,
  "loss": {
    "train": 1.176983,
    "val": 2.808481
  },
  "val_detection": {
    "precision": 0.526602,
    "recall": 0.692708,
    "f1": 0.598341,
    "tp": 2128,
    "fp": 1913,
    "fn": 944,
    "processed_batches": 130
  },
  "eval_config": {
    "score_threshold": 0.3,
    "iou_threshold": 0.5
  },
  "time": "2026-06-01 22:09:17"
}