{
  "epoch": 23,
  "loss": {
    "train": 1.29722,
    "val": 2.656036
  },
  "val_detection": {
    "precision": 0.503941,
    "recall": 0.686849,
    "f1": 0.581347,
    "tp": 2110,
    "fp": 2077,
    "fn": 962,
    "processed_batches": 130
  },
  "eval_config": {
    "score_threshold": 0.3,
    "iou_threshold": 0.5
  },
  "time": "2026-06-01 21:54:45"
}