{
  "epoch": 36,
  "loss": {
    "train": 1.122115,
    "val": 3.023262
  },
  "val_detection": {
    "precision": 0.54479,
    "recall": 0.679036,
    "f1": 0.60455,
    "tp": 2086,
    "fp": 1743,
    "fn": 986,
    "processed_batches": 130
  },
  "eval_config": {
    "score_threshold": 0.3,
    "iou_threshold": 0.5
  },
  "time": "2026-06-01 22:15:45"
}