{
  "epoch": 30,
  "loss": {
    "train": 0.994693,
    "val": 2.303948
  },
  "val_detection": {
    "precision": 0.717971,
    "recall": 0.81543,
    "f1": 0.763603,
    "tp": 2505,
    "fp": 984,
    "fn": 567,
    "processed_batches": 130
  },
  "eval_config": {
    "score_threshold": 0.3,
    "iou_threshold": 0.5
  },
  "time": "2026-06-02 00:22:01"
}