{
  "epoch": 15,
  "loss": {
    "train": 1.267141,
    "val": 2.130778
  },
  "val_detection": {
    "precision": 0.690544,
    "recall": 0.784505,
    "f1": 0.734532,
    "tp": 2410,
    "fp": 1080,
    "fn": 662,
    "processed_batches": 130
  },
  "eval_config": {
    "score_threshold": 0.3,
    "iou_threshold": 0.5
  },
  "time": "2026-06-01 23:54:06"
}