{
  "epoch": 39,
  "loss": {
    "train": 0.8756,
    "val": 2.334909
  },
  "val_detection": {
    "precision": 0.719364,
    "recall": 0.810221,
    "f1": 0.762094,
    "tp": 2489,
    "fp": 971,
    "fn": 583,
    "processed_batches": 130
  },
  "eval_config": {
    "score_threshold": 0.3,
    "iou_threshold": 0.5
  },
  "time": "2026-06-02 00:38:41"
}