{
  "epoch": 26,
  "loss": {
    "train": 1.038334,
    "val": 2.275203
  },
  "val_detection": {
    "precision": 0.704743,
    "recall": 0.793294,
    "f1": 0.746401,
    "tp": 2437,
    "fp": 1021,
    "fn": 635,
    "processed_batches": 130
  },
  "eval_config": {
    "score_threshold": 0.3,
    "iou_threshold": 0.5
  },
  "time": "2026-06-02 00:14:37"
}