{
  "epoch": 36,
  "loss": {
    "train": 0.921,
    "val": 2.311714
  },
  "val_detection": {
    "precision": 0.710384,
    "recall": 0.812826,
    "f1": 0.75816,
    "tp": 2497,
    "fp": 1018,
    "fn": 575,
    "processed_batches": 130
  },
  "eval_config": {
    "score_threshold": 0.3,
    "iou_threshold": 0.5
  },
  "time": "2026-06-02 00:33:05"
}