{
  "epoch": 29,
  "loss": {
    "train": 1.008155,
    "val": 2.254159
  },
  "val_detection": {
    "precision": 0.706302,
    "recall": 0.806315,
    "f1": 0.753002,
    "tp": 2477,
    "fp": 1030,
    "fn": 595,
    "processed_batches": 130
  },
  "eval_config": {
    "score_threshold": 0.3,
    "iou_threshold": 0.5
  },
  "time": "2026-06-02 00:20:10"
}