{
  "epoch": 17,
  "loss": {
    "train": 1.241758,
    "val": 2.119232
  },
  "val_detection": {
    "precision": 0.689782,
    "recall": 0.793294,
    "f1": 0.737926,
    "tp": 2437,
    "fp": 1096,
    "fn": 635,
    "processed_batches": 130
  },
  "eval_config": {
    "score_threshold": 0.3,
    "iou_threshold": 0.5
  },
  "time": "2026-06-01 23:57:50"
}