{
  "epoch": 24,
  "loss": {
    "train": 1.087161,
    "val": 2.183693
  },
  "val_detection": {
    "precision": 0.698291,
    "recall": 0.797852,
    "f1": 0.744758,
    "tp": 2451,
    "fp": 1059,
    "fn": 621,
    "processed_batches": 130
  },
  "eval_config": {
    "score_threshold": 0.3,
    "iou_threshold": 0.5
  },
  "time": "2026-06-02 00:10:55"
}