{
  "epoch": 35,
  "loss": {
    "train": 0.943893,
    "val": 2.299205
  },
  "val_detection": {
    "precision": 0.729057,
    "recall": 0.810221,
    "f1": 0.767499,
    "tp": 2489,
    "fp": 925,
    "fn": 583,
    "processed_batches": 130
  },
  "eval_config": {
    "score_threshold": 0.3,
    "iou_threshold": 0.5
  },
  "time": "2026-06-02 00:31:14"
}