{
  "epoch": 20,
  "loss": {
    "train": 1.16293,
    "val": 2.2412
  },
  "val_detection": {
    "precision": 0.694081,
    "recall": 0.793945,
    "f1": 0.740662,
    "tp": 2439,
    "fp": 1075,
    "fn": 633,
    "processed_batches": 130
  },
  "eval_config": {
    "score_threshold": 0.3,
    "iou_threshold": 0.5
  },
  "time": "2026-06-02 00:03:27"
}