{
  "epoch": 8,
  "loss": {
    "train": 1.577218,
    "val": 1.92912
  },
  "val_detection": {
    "precision": 0.616561,
    "recall": 0.761068,
    "f1": 0.681235,
    "tp": 2338,
    "fp": 1454,
    "fn": 734,
    "processed_batches": 130
  },
  "eval_config": {
    "score_threshold": 0.3,
    "iou_threshold": 0.5
  },
  "time": "2026-06-01 23:41:00"
}