{
  "epoch": 31,
  "loss": {
    "train": 0.977923,
    "val": 2.280564
  },
  "val_detection": {
    "precision": 0.698523,
    "recall": 0.816081,
    "f1": 0.75274,
    "tp": 2507,
    "fp": 1082,
    "fn": 565,
    "processed_batches": 130
  },
  "eval_config": {
    "score_threshold": 0.3,
    "iou_threshold": 0.5
  },
  "time": "2026-06-02 00:23:51"
}