{
  "epoch": 13,
  "loss": {
    "train": 1.35602,
    "val": 2.218856
  },
  "val_detection": {
    "precision": 0.669451,
    "recall": 0.782552,
    "f1": 0.721597,
    "tp": 2404,
    "fp": 1187,
    "fn": 668,
    "processed_batches": 130
  },
  "eval_config": {
    "score_threshold": 0.3,
    "iou_threshold": 0.5
  },
  "time": "2026-06-01 23:50:22"
}