{
  "epoch": 22,
  "loss": {
    "train": 1.120298,
    "val": 2.27974
  },
  "val_detection": {
    "precision": 0.695193,
    "recall": 0.814453,
    "f1": 0.750112,
    "tp": 2502,
    "fp": 1097,
    "fn": 570,
    "processed_batches": 130
  },
  "eval_config": {
    "score_threshold": 0.3,
    "iou_threshold": 0.5
  },
  "time": "2026-06-02 00:07:09"
}