{
  "epoch": 7,
  "loss": {
    "train": 1.617225,
    "val": 2.034066
  },
  "val_detection": {
    "precision": 0.641425,
    "recall": 0.75,
    "f1": 0.691477,
    "tp": 2304,
    "fp": 1288,
    "fn": 768,
    "processed_batches": 130
  },
  "eval_config": {
    "score_threshold": 0.3,
    "iou_threshold": 0.5
  },
  "time": "2026-06-01 23:39:08"
}