{
  "epoch": 25,
  "loss": {
    "train": 1.062821,
    "val": 2.248339
  },
  "val_detection": {
    "precision": 0.716121,
    "recall": 0.798177,
    "f1": 0.754926,
    "tp": 2452,
    "fp": 972,
    "fn": 620,
    "processed_batches": 130
  },
  "eval_config": {
    "score_threshold": 0.3,
    "iou_threshold": 0.5
  },
  "time": "2026-06-02 00:12:46"
}