{
  "epoch": 34,
  "loss": {
    "train": 0.963427,
    "val": 2.260416
  },
  "val_detection": {
    "precision": 0.707096,
    "recall": 0.814128,
    "f1": 0.756847,
    "tp": 2501,
    "fp": 1036,
    "fn": 571,
    "processed_batches": 130
  },
  "eval_config": {
    "score_threshold": 0.3,
    "iou_threshold": 0.5
  },
  "time": "2026-06-02 00:29:24"
}