{
  "epoch": 33,
  "loss": {
    "train": 0.965132,
    "val": 2.341847
  },
  "val_detection": {
    "precision": 0.719849,
    "recall": 0.806315,
    "f1": 0.760633,
    "tp": 2477,
    "fp": 964,
    "fn": 595,
    "processed_batches": 130
  },
  "eval_config": {
    "score_threshold": 0.3,
    "iou_threshold": 0.5
  },
  "time": "2026-06-02 00:27:34"
}