{
  "epoch": 23,
  "loss": {
    "train": 1.103272,
    "val": 2.238624
  },
  "val_detection": {
    "precision": 0.716379,
    "recall": 0.795898,
    "f1": 0.754048,
    "tp": 2445,
    "fp": 968,
    "fn": 627,
    "processed_batches": 130
  },
  "eval_config": {
    "score_threshold": 0.3,
    "iou_threshold": 0.5
  },
  "time": "2026-06-02 00:09:04"
}