{
  "epoch": 10,
  "loss": {
    "train": 1.456209,
    "val": 2.172062
  },
  "val_detection": {
    "precision": 0.649832,
    "recall": 0.753906,
    "f1": 0.698011,
    "tp": 2316,
    "fp": 1248,
    "fn": 756,
    "processed_batches": 130
  },
  "eval_config": {
    "score_threshold": 0.3,
    "iou_threshold": 0.5
  },
  "time": "2026-06-01 19:29:37"
}