{
  "epoch": 6,
  "loss": {
    "train": 1.670955,
    "val": 2.139908
  },
  "val_detection": {
    "precision": 0.631564,
    "recall": 0.72819,
    "f1": 0.676444,
    "tp": 2237,
    "fp": 1305,
    "fn": 835,
    "processed_batches": 130
  },
  "eval_config": {
    "score_threshold": 0.3,
    "iou_threshold": 0.5
  },
  "time": "2026-06-01 19:22:41"
}