{
  "epoch": 32,
  "loss": {
    "train": 0.942037,
    "val": 2.28663
  },
  "val_detection": {
    "precision": 0.721653,
    "recall": 0.801758,
    "f1": 0.759599,
    "tp": 2463,
    "fp": 950,
    "fn": 609,
    "processed_batches": 130
  },
  "eval_config": {
    "score_threshold": 0.3,
    "iou_threshold": 0.5
  },
  "time": "2026-06-01 20:07:32"
}