{
  "epoch": 8,
  "loss": {
    "train": 1.513661,
    "val": 1.985117
  },
  "val_detection": {
    "precision": 0.636439,
    "recall": 0.744792,
    "f1": 0.686366,
    "tp": 2288,
    "fp": 1307,
    "fn": 784,
    "processed_batches": 130
  },
  "eval_config": {
    "score_threshold": 0.3,
    "iou_threshold": 0.5
  },
  "time": "2026-06-01 19:26:08"
}