{
  "epoch": 33,
  "loss": {
    "train": 0.908213,
    "val": 2.306026
  },
  "val_detection": {
    "precision": 0.719552,
    "recall": 0.794271,
    "f1": 0.755067,
    "tp": 2440,
    "fp": 951,
    "fn": 632,
    "processed_batches": 130
  },
  "eval_config": {
    "score_threshold": 0.3,
    "iou_threshold": 0.5
  },
  "time": "2026-06-01 20:09:16"
}