{
  "epoch": 18,
  "loss": {
    "train": 1.172895,
    "val": 2.191353
  },
  "val_detection": {
    "precision": 0.715359,
    "recall": 0.77474,
    "f1": 0.743866,
    "tp": 2380,
    "fp": 947,
    "fn": 692,
    "processed_batches": 130
  },
  "eval_config": {
    "score_threshold": 0.3,
    "iou_threshold": 0.5
  },
  "time": "2026-06-01 19:43:24"
}