{
  "epoch": 11,
  "loss": {
    "train": 1.42387,
    "val": 2.122295
  },
  "val_detection": {
    "precision": 0.67294,
    "recall": 0.768229,
    "f1": 0.717434,
    "tp": 2360,
    "fp": 1147,
    "fn": 712,
    "processed_batches": 130
  },
  "eval_config": {
    "score_threshold": 0.3,
    "iou_threshold": 0.5
  },
  "time": "2026-06-01 19:31:20"
}