{
  "epoch": 30,
  "loss": {
    "train": 0.95819,
    "val": 2.290045
  },
  "val_detection": {
    "precision": 0.734211,
    "recall": 0.798503,
    "f1": 0.765009,
    "tp": 2453,
    "fp": 888,
    "fn": 619,
    "processed_batches": 130
  },
  "eval_config": {
    "score_threshold": 0.3,
    "iou_threshold": 0.5
  },
  "time": "2026-06-01 20:04:05"
}