{
  "epoch": 19,
  "loss": {
    "train": 1.142805,
    "val": 2.154086
  },
  "val_detection": {
    "precision": 0.690517,
    "recall": 0.782227,
    "f1": 0.733516,
    "tp": 2403,
    "fp": 1077,
    "fn": 669,
    "processed_batches": 130
  },
  "eval_config": {
    "score_threshold": 0.3,
    "iou_threshold": 0.5
  },
  "time": "2026-06-01 19:45:08"
}