{
  "epoch": 9,
  "loss": {
    "train": 1.47889,
    "val": 2.054601
  },
  "val_detection": {
    "precision": 0.664087,
    "recall": 0.754232,
    "f1": 0.706295,
    "tp": 2317,
    "fp": 1172,
    "fn": 755,
    "processed_batches": 130
  },
  "eval_config": {
    "score_threshold": 0.3,
    "iou_threshold": 0.5
  },
  "time": "2026-06-01 19:27:53"
}