{
  "epoch": 13,
  "loss": {
    "train": 1.290285,
    "val": 2.071879
  },
  "val_detection": {
    "precision": 0.684408,
    "recall": 0.770182,
    "f1": 0.724766,
    "tp": 2366,
    "fp": 1091,
    "fn": 706,
    "processed_batches": 130
  },
  "eval_config": {
    "score_threshold": 0.3,
    "iou_threshold": 0.5
  },
  "time": "2026-06-01 19:34:46"
}