{
  "epoch": 7,
  "loss": {
    "train": 1.617046,
    "val": 2.073268
  },
  "val_detection": {
    "precision": 0.625554,
    "recall": 0.734701,
    "f1": 0.675749,
    "tp": 2257,
    "fp": 1351,
    "fn": 815,
    "processed_batches": 130
  },
  "eval_config": {
    "score_threshold": 0.3,
    "iou_threshold": 0.5
  },
  "time": "2026-06-01 19:24:25"
}