{
  "epoch": 25,
  "loss": {
    "train": 1.03034,
    "val": 2.205756
  },
  "val_detection": {
    "precision": 0.711188,
    "recall": 0.800781,
    "f1": 0.75333,
    "tp": 2460,
    "fp": 999,
    "fn": 612,
    "processed_batches": 130
  },
  "eval_config": {
    "score_threshold": 0.3,
    "iou_threshold": 0.5
  },
  "time": "2026-06-01 19:55:26"
}