{
  "epoch": 24,
  "loss": {
    "train": 1.044641,
    "val": 2.200483
  },
  "val_detection": {
    "precision": 0.711706,
    "recall": 0.795573,
    "f1": 0.751306,
    "tp": 2444,
    "fp": 990,
    "fn": 628,
    "processed_batches": 130
  },
  "eval_config": {
    "score_threshold": 0.3,
    "iou_threshold": 0.5
  },
  "time": "2026-06-01 19:53:43"
}