{
  "epoch": 27,
  "loss": {
    "train": 0.978987,
    "val": 2.2743
  },
  "val_detection": {
    "precision": 0.728584,
    "recall": 0.789062,
    "f1": 0.757618,
    "tp": 2424,
    "fp": 903,
    "fn": 648,
    "processed_batches": 130
  },
  "eval_config": {
    "score_threshold": 0.3,
    "iou_threshold": 0.5
  },
  "time": "2026-06-01 19:58:52"
}