{
  "epoch": 16,
  "loss": {
    "train": 1.208661,
    "val": 2.134508
  },
  "val_detection": {
    "precision": 0.705639,
    "recall": 0.777995,
    "f1": 0.740053,
    "tp": 2390,
    "fp": 997,
    "fn": 682,
    "processed_batches": 130
  },
  "eval_config": {
    "score_threshold": 0.3,
    "iou_threshold": 0.5
  },
  "time": "2026-06-01 19:39:57"
}