{
  "epoch": 31,
  "loss": {
    "train": 0.938806,
    "val": 2.275667
  },
  "val_detection": {
    "precision": 0.726269,
    "recall": 0.791992,
    "f1": 0.757708,
    "tp": 2433,
    "fp": 917,
    "fn": 639,
    "processed_batches": 130
  },
  "eval_config": {
    "score_threshold": 0.3,
    "iou_threshold": 0.5
  },
  "time": "2026-06-01 20:05:48"
}