{
  "epoch": 14,
  "loss": {
    "train": 1.246772,
    "val": 2.099633
  },
  "val_detection": {
    "precision": 0.694625,
    "recall": 0.765625,
    "f1": 0.728399,
    "tp": 2352,
    "fp": 1034,
    "fn": 720,
    "processed_batches": 130
  },
  "eval_config": {
    "score_threshold": 0.3,
    "iou_threshold": 0.5
  },
  "time": "2026-06-01 19:36:30"
}