{
  "epoch": 4,
  "loss": {
    "train": 1.72725,
    "val": 2.055192
  },
  "val_detection": {
    "precision": 0.601313,
    "recall": 0.655924,
    "f1": 0.627433,
    "tp": 2015,
    "fp": 1336,
    "fn": 1057,
    "processed_batches": 130
  },
  "eval_config": {
    "score_threshold": 0.3,
    "iou_threshold": 0.5
  },
  "time": "2026-06-01 19:19:13"
}