{
  "epoch": 21,
  "loss": {
    "train": 1.078858,
    "val": 2.214753
  },
  "val_detection": {
    "precision": 0.693314,
    "recall": 0.793294,
    "f1": 0.739942,
    "tp": 2437,
    "fp": 1078,
    "fn": 635,
    "processed_batches": 130
  },
  "eval_config": {
    "score_threshold": 0.3,
    "iou_threshold": 0.5
  },
  "time": "2026-06-01 19:48:34"
}