{
  "epoch": 5,
  "loss": {
    "train": 1.489312,
    "val": 1.88899
  },
  "val_detection": {
    "precision": 0.702505,
    "recall": 0.715957,
    "f1": 0.709168,
    "tp": 673,
    "fp": 285,
    "fn": 267,
    "processed_batches": 40
  },
  "eval_config": {
    "score_threshold": 0.3,
    "iou_threshold": 0.5
  },
  "time": "2026-04-19 14:28:55"
}