{
  "epoch": 4,
  "loss": {
    "train": 1.529232,
    "val": 1.703291
  },
  "val_detection": {
    "precision": 0.692714,
    "recall": 0.697872,
    "f1": 0.695284,
    "tp": 656,
    "fp": 291,
    "fn": 284,
    "processed_batches": 40
  },
  "eval_config": {
    "score_threshold": 0.3,
    "iou_threshold": 0.5
  },
  "time": "2026-04-19 14:27:13"
}