{
  "epoch": 2,
  "loss": {
    "train": 1.611523,
    "val": 1.567769
  },
  "val_detection": {
    "precision": 0.644989,
    "recall": 0.643617,
    "f1": 0.644302,
    "tp": 605,
    "fp": 333,
    "fn": 335,
    "processed_batches": 40
  },
  "eval_config": {
    "score_threshold": 0.3,
    "iou_threshold": 0.5
  },
  "time": "2026-04-19 14:24:03"
}