{
  "epoch": 9,
  "loss": {
    "train": 1.294468,
    "val": 1.960028
  },
  "val_detection": {
    "precision": 0.750779,
    "recall": 0.769149,
    "f1": 0.759853,
    "tp": 723,
    "fp": 240,
    "fn": 217,
    "processed_batches": 40
  },
  "eval_config": {
    "score_threshold": 0.3,
    "iou_threshold": 0.5
  },
  "time": "2026-04-19 14:35:52"
}