{
  "epoch": 3,
  "loss": {
    "train": 1.597304,
    "val": 1.647451
  },
  "val_detection": {
    "precision": 0.693989,
    "recall": 0.675532,
    "f1": 0.684636,
    "tp": 635,
    "fp": 280,
    "fn": 305,
    "processed_batches": 40
  },
  "eval_config": {
    "score_threshold": 0.3,
    "iou_threshold": 0.5
  },
  "time": "2026-04-19 14:25:34"
}