{
  "epoch": 7,
  "loss": {
    "train": 1.39342,
    "val": 1.899786
  },
  "val_detection": {
    "precision": 0.745928,
    "recall": 0.730851,
    "f1": 0.738313,
    "tp": 687,
    "fp": 234,
    "fn": 253,
    "processed_batches": 40
  },
  "eval_config": {
    "score_threshold": 0.3,
    "iou_threshold": 0.5
  },
  "time": "2026-04-19 14:32:25"
}