{
  "epoch": 29,
  "loss": {
    "train": 1.147263,
    "val": 2.736814
  },
  "val_detection": {
    "precision": 0.574577,
    "recall": 0.695964,
    "f1": 0.629472,
    "tp": 2138,
    "fp": 1583,
    "fn": 934,
    "processed_batches": 130
  },
  "eval_config": {
    "score_threshold": 0.3,
    "iou_threshold": 0.5
  },
  "time": "2026-06-01 18:57:59"
}