{
  "epoch": 28,
  "loss": {
    "train": 1.159554,
    "val": 2.818163
  },
  "val_detection": {
    "precision": 0.558862,
    "recall": 0.690755,
    "f1": 0.617848,
    "tp": 2122,
    "fp": 1675,
    "fn": 950,
    "processed_batches": 130
  },
  "eval_config": {
    "score_threshold": 0.3,
    "iou_threshold": 0.5
  },
  "time": "2026-06-01 18:56:19"
}