{
  "epoch": 24,
  "loss": {
    "train": 1.206422,
    "val": 2.559832
  },
  "val_detection": {
    "precision": 0.544041,
    "recall": 0.683594,
    "f1": 0.605886,
    "tp": 2100,
    "fp": 1760,
    "fn": 972,
    "processed_batches": 130
  },
  "eval_config": {
    "score_threshold": 0.3,
    "iou_threshold": 0.5
  },
  "time": "2026-06-01 18:49:49"
}