{
  "epoch": 37,
  "loss": {
    "train": 1.027745,
    "val": 2.97226
  },
  "val_detection": {
    "precision": 0.570241,
    "recall": 0.692383,
    "f1": 0.625404,
    "tp": 2127,
    "fp": 1603,
    "fn": 945,
    "processed_batches": 130
  },
  "eval_config": {
    "score_threshold": 0.3,
    "iou_threshold": 0.5
  },
  "time": "2026-06-01 19:10:57"
}