{
  "epoch": 19,
  "loss": {
    "train": 1.31579,
    "val": 2.566547
  },
  "val_detection": {
    "precision": 0.552541,
    "recall": 0.676107,
    "f1": 0.60811,
    "tp": 2077,
    "fp": 1682,
    "fn": 995,
    "processed_batches": 130
  },
  "eval_config": {
    "score_threshold": 0.3,
    "iou_threshold": 0.5
  },
  "time": "2026-06-01 18:41:41"
}