{
  "epoch": 10,
  "loss": {
    "train": 1.60546,
    "val": 2.234617
  },
  "val_detection": {
    "precision": 0.547897,
    "recall": 0.657227,
    "f1": 0.597602,
    "tp": 2019,
    "fp": 1666,
    "fn": 1053,
    "processed_batches": 130
  },
  "eval_config": {
    "score_threshold": 0.3,
    "iou_threshold": 0.5
  },
  "time": "2026-06-01 18:27:03"
}