{
  "epoch": 16,
  "loss": {
    "train": 1.406311,
    "val": 2.4011
  },
  "val_detection": {
    "precision": 0.554572,
    "recall": 0.673177,
    "f1": 0.608146,
    "tp": 2068,
    "fp": 1661,
    "fn": 1004,
    "processed_batches": 130
  },
  "eval_config": {
    "score_threshold": 0.3,
    "iou_threshold": 0.5
  },
  "time": "2026-06-01 18:36:49"
}