{
  "epoch": 27,
  "loss": {
    "train": 1.160947,
    "val": 2.807796
  },
  "val_detection": {
    "precision": 0.551434,
    "recall": 0.682292,
    "f1": 0.609923,
    "tp": 2096,
    "fp": 1705,
    "fn": 976,
    "processed_batches": 130
  },
  "eval_config": {
    "score_threshold": 0.3,
    "iou_threshold": 0.5
  },
  "time": "2026-06-01 18:54:42"
}