{
  "epoch": 8,
  "loss": {
    "train": 1.690687,
    "val": 2.139856
  },
  "val_detection": {
    "precision": 0.539678,
    "recall": 0.62207,
    "f1": 0.577953,
    "tp": 1911,
    "fp": 1630,
    "fn": 1161,
    "processed_batches": 130
  },
  "eval_config": {
    "score_threshold": 0.3,
    "iou_threshold": 0.5
  },
  "time": "2026-06-01 18:23:48"
}