{
  "epoch": 5,
  "loss": {
    "train": 1.791678,
    "val": 1.931743
  },
  "val_detection": {
    "precision": 0.52329,
    "recall": 0.577799,
    "f1": 0.549196,
    "tp": 1775,
    "fp": 1617,
    "fn": 1297,
    "processed_batches": 130
  },
  "eval_config": {
    "score_threshold": 0.3,
    "iou_threshold": 0.5
  },
  "time": "2026-06-01 18:18:52"
}