{
  "epoch": 20,
  "loss": {
    "train": 1.278619,
    "val": 2.533919
  },
  "val_detection": {
    "precision": 0.537023,
    "recall": 0.682292,
    "f1": 0.601004,
    "tp": 2096,
    "fp": 1807,
    "fn": 976,
    "processed_batches": 130
  },
  "eval_config": {
    "score_threshold": 0.3,
    "iou_threshold": 0.5
  },
  "time": "2026-06-01 18:43:19"
}