{
  "epoch": 11,
  "loss": {
    "train": 1.572833,
    "val": 2.396712
  },
  "val_detection": {
    "precision": 0.546763,
    "recall": 0.643229,
    "f1": 0.591086,
    "tp": 1976,
    "fp": 1638,
    "fn": 1096,
    "processed_batches": 130
  },
  "eval_config": {
    "score_threshold": 0.3,
    "iou_threshold": 0.5
  },
  "time": "2026-06-01 18:28:41"
}