{
  "epoch": 34,
  "loss": {
    "train": 1.073296,
    "val": 2.97326
  },
  "val_detection": {
    "precision": 0.557102,
    "recall": 0.690755,
    "f1": 0.616771,
    "tp": 2122,
    "fp": 1687,
    "fn": 950,
    "processed_batches": 130
  },
  "eval_config": {
    "score_threshold": 0.3,
    "iou_threshold": 0.5
  },
  "time": "2026-06-01 19:06:04"
}