{
  "epoch": 9,
  "loss": {
    "train": 1.631949,
    "val": 2.201211
  },
  "val_detection": {
    "precision": 0.53365,
    "recall": 0.62207,
    "f1": 0.574478,
    "tp": 1911,
    "fp": 1670,
    "fn": 1161,
    "processed_batches": 130
  },
  "eval_config": {
    "score_threshold": 0.3,
    "iou_threshold": 0.5
  },
  "time": "2026-06-01 18:25:25"
}