{
  "epoch": 14,
  "loss": {
    "train": 1.450485,
    "val": 2.458105
  },
  "val_detection": {
    "precision": 0.533811,
    "recall": 0.678385,
    "f1": 0.597477,
    "tp": 2084,
    "fp": 1820,
    "fn": 988,
    "processed_batches": 130
  },
  "eval_config": {
    "score_threshold": 0.3,
    "iou_threshold": 0.5
  },
  "time": "2026-06-01 18:33:33"
}