{
  "epoch": 25,
  "loss": {
    "train": 1.192029,
    "val": 2.726558
  },
  "val_detection": {
    "precision": 0.543689,
    "recall": 0.674479,
    "f1": 0.602063,
    "tp": 2072,
    "fp": 1739,
    "fn": 1000,
    "processed_batches": 130
  },
  "eval_config": {
    "score_threshold": 0.3,
    "iou_threshold": 0.5
  },
  "time": "2026-06-01 18:51:26"
}