{
  "epoch": 18,
  "loss": {
    "train": 1.322588,
    "val": 2.462267
  },
  "val_detection": {
    "precision": 0.550027,
    "recall": 0.66569,
    "f1": 0.602356,
    "tp": 2045,
    "fp": 1673,
    "fn": 1027,
    "processed_batches": 130
  },
  "eval_config": {
    "score_threshold": 0.3,
    "iou_threshold": 0.5
  },
  "time": "2026-06-01 18:40:04"
}