{
  "epoch": 21,
  "loss": {
    "train": 1.257328,
    "val": 2.486497
  },
  "val_detection": {
    "precision": 0.540314,
    "recall": 0.693685,
    "f1": 0.607469,
    "tp": 2131,
    "fp": 1813,
    "fn": 941,
    "processed_batches": 130
  },
  "eval_config": {
    "score_threshold": 0.3,
    "iou_threshold": 0.5
  },
  "time": "2026-06-01 18:44:56"
}