{
  "epoch": 15,
  "loss": {
    "train": 1.399426,
    "val": 2.511637
  },
  "val_detection": {
    "precision": 0.532537,
    "recall": 0.681966,
    "f1": 0.598059,
    "tp": 2095,
    "fp": 1839,
    "fn": 977,
    "processed_batches": 130
  },
  "eval_config": {
    "score_threshold": 0.3,
    "iou_threshold": 0.5
  },
  "time": "2026-06-01 18:35:11"
}