{
  "epoch": 23,
  "loss": {
    "train": 1.226281,
    "val": 2.567113
  },
  "val_detection": {
    "precision": 0.554529,
    "recall": 0.683594,
    "f1": 0.612334,
    "tp": 2100,
    "fp": 1687,
    "fn": 972,
    "processed_batches": 130
  },
  "eval_config": {
    "score_threshold": 0.3,
    "iou_threshold": 0.5
  },
  "time": "2026-06-01 18:48:12"
}