{
  "epoch": 4,
  "loss": {
    "train": 1.790718,
    "val": 1.894813
  },
  "val_detection": {
    "precision": 0.547293,
    "recall": 0.546224,
    "f1": 0.546758,
    "tp": 1678,
    "fp": 1388,
    "fn": 1394,
    "processed_batches": 130
  },
  "eval_config": {
    "score_threshold": 0.3,
    "iou_threshold": 0.5
  },
  "time": "2026-06-01 18:17:11"
}