{
  "epoch": 4,
  "loss": {
    "train": 1.440838,
    "val": 1.700392
  },
  "val_detection": {
    "precision": 0.750482,
    "recall": 0.828723,
    "f1": 0.787664,
    "tp": 779,
    "fp": 259,
    "fn": 161,
    "processed_batches": 40
  },
  "eval_config": {
    "score_threshold": 0.3,
    "iou_threshold": 0.5
  },
  "time": "2026-04-19 16:01:35"
}