{
  "epoch": 1,
  "loss": {
    "train": 1.663027,
    "val": 1.454712
  },
  "val_detection": {
    "precision": 0.660773,
    "recall": 0.63617,
    "f1": 0.648238,
    "tp": 598,
    "fp": 307,
    "fn": 342,
    "processed_batches": 40
  },
  "eval_config": {
    "score_threshold": 0.3,
    "iou_threshold": 0.5
  },
  "time": "2026-04-19 15:55:17"
}