{
  "epoch": 9,
  "loss": {
    "train": 1.264541,
    "val": 1.872795
  },
  "val_detection": {
    "precision": 0.813715,
    "recall": 0.845745,
    "f1": 0.829421,
    "tp": 795,
    "fp": 182,
    "fn": 145,
    "processed_batches": 40
  },
  "eval_config": {
    "score_threshold": 0.3,
    "iou_threshold": 0.5
  },
  "time": "2026-04-19 16:11:43"
}