{
  "epoch": 8,
  "loss": {
    "train": 1.285376,
    "val": 1.815758
  },
  "val_detection": {
    "precision": 0.765276,
    "recall": 0.839362,
    "f1": 0.800609,
    "tp": 789,
    "fp": 242,
    "fn": 151,
    "processed_batches": 40
  },
  "eval_config": {
    "score_threshold": 0.3,
    "iou_threshold": 0.5
  },
  "time": "2026-04-19 15:49:52"
}