{
  "epoch": 2,
  "loss": {
    "train": 1.531858,
    "val": 1.586982
  },
  "val_detection": {
    "precision": 0.630656,
    "recall": 0.726596,
    "f1": 0.675235,
    "tp": 683,
    "fp": 400,
    "fn": 257,
    "processed_batches": 40
  },
  "eval_config": {
    "score_threshold": 0.3,
    "iou_threshold": 0.5
  },
  "time": "2026-04-19 15:38:36"
}