{
  "epoch": 11,
  "loss": {
    "train": 1.455864,
    "val": 2.272108
  },
  "val_detection": {
    "precision": 0.656963,
    "recall": 0.749349,
    "f1": 0.700122,
    "tp": 2302,
    "fp": 1202,
    "fn": 770,
    "processed_batches": 130
  },
  "eval_config": {
    "score_threshold": 0.3,
    "iou_threshold": 0.5
  },
  "time": "2026-06-01 22:43:48"
}