{
  "epoch": 23,
  "loss": {
    "train": 1.137102,
    "val": 2.334462
  },
  "val_detection": {
    "precision": 0.66,
    "recall": 0.78418,
    "f1": 0.716751,
    "tp": 2409,
    "fp": 1241,
    "fn": 663,
    "processed_batches": 130
  },
  "eval_config": {
    "score_threshold": 0.3,
    "iou_threshold": 0.5
  },
  "time": "2026-06-01 23:04:20"
}