{
  "epoch": 13,
  "loss": {
    "train": 1.353197,
    "val": 2.214139
  },
  "val_detection": {
    "precision": 0.63306,
    "recall": 0.754232,
    "f1": 0.688354,
    "tp": 2317,
    "fp": 1343,
    "fn": 755,
    "processed_batches": 130
  },
  "eval_config": {
    "score_threshold": 0.3,
    "iou_threshold": 0.5
  },
  "time": "2026-06-01 22:47:13"
}