{
  "epoch": 24,
  "loss": {
    "train": 1.101371,
    "val": 2.380964
  },
  "val_detection": {
    "precision": 0.661049,
    "recall": 0.791667,
    "f1": 0.720486,
    "tp": 2432,
    "fp": 1247,
    "fn": 640,
    "processed_batches": 130
  },
  "eval_config": {
    "score_threshold": 0.3,
    "iou_threshold": 0.5
  },
  "time": "2026-06-01 23:06:02"
}