{
  "epoch": 17,
  "loss": {
    "train": 1.243167,
    "val": 2.326267
  },
  "val_detection": {
    "precision": 0.658928,
    "recall": 0.776042,
    "f1": 0.712706,
    "tp": 2384,
    "fp": 1234,
    "fn": 688,
    "processed_batches": 130
  },
  "eval_config": {
    "score_threshold": 0.3,
    "iou_threshold": 0.5
  },
  "time": "2026-06-01 22:54:05"
}