{
  "epoch": 20,
  "loss": {
    "train": 1.163821,
    "val": 2.357269
  },
  "val_detection": {
    "precision": 0.656599,
    "recall": 0.785482,
    "f1": 0.715281,
    "tp": 2413,
    "fp": 1262,
    "fn": 659,
    "processed_batches": 130
  },
  "eval_config": {
    "score_threshold": 0.3,
    "iou_threshold": 0.5
  },
  "time": "2026-06-01 22:59:13"
}