{
  "epoch": 32,
  "loss": {
    "train": 0.982769,
    "val": 2.401408
  },
  "val_detection": {
    "precision": 0.712033,
    "recall": 0.79362,
    "f1": 0.750616,
    "tp": 2438,
    "fp": 986,
    "fn": 634,
    "processed_batches": 130
  },
  "eval_config": {
    "score_threshold": 0.3,
    "iou_threshold": 0.5
  },
  "time": "2026-06-01 23:19:41"
}