{
  "epoch": 28,
  "loss": {
    "train": 1.033335,
    "val": 2.349314
  },
  "val_detection": {
    "precision": 0.690381,
    "recall": 0.789714,
    "f1": 0.736714,
    "tp": 2426,
    "fp": 1088,
    "fn": 646,
    "processed_batches": 130
  },
  "eval_config": {
    "score_threshold": 0.3,
    "iou_threshold": 0.5
  },
  "time": "2026-06-01 23:12:53"
}