{
  "epoch": 10,
  "loss": {
    "train": 1.498385,
    "val": 2.096244
  },
  "val_detection": {
    "precision": 0.624697,
    "recall": 0.754232,
    "f1": 0.68338,
    "tp": 2317,
    "fp": 1392,
    "fn": 755,
    "processed_batches": 130
  },
  "eval_config": {
    "score_threshold": 0.3,
    "iou_threshold": 0.5
  },
  "time": "2026-06-01 22:42:06"
}