{
  "epoch": 5,
  "loss": {
    "train": 1.723172,
    "val": 1.933753
  },
  "val_detection": {
    "precision": 0.547711,
    "recall": 0.689453,
    "f1": 0.610463,
    "tp": 2118,
    "fp": 1749,
    "fn": 954,
    "processed_batches": 130
  },
  "eval_config": {
    "score_threshold": 0.3,
    "iou_threshold": 0.5
  },
  "time": "2026-06-01 22:33:33"
}