{
  "epoch": 30,
  "loss": {
    "train": 1.01622,
    "val": 2.380065
  },
  "val_detection": {
    "precision": 0.685139,
    "recall": 0.796875,
    "f1": 0.736795,
    "tp": 2448,
    "fp": 1125,
    "fn": 624,
    "processed_batches": 130
  },
  "eval_config": {
    "score_threshold": 0.3,
    "iou_threshold": 0.5
  },
  "time": "2026-06-01 23:16:17"
}