{
  "epoch": 4,
  "loss": {
    "train": 1.72898,
    "val": 1.909834
  },
  "val_detection": {
    "precision": 0.564777,
    "recall": 0.671224,
    "f1": 0.613417,
    "tp": 2062,
    "fp": 1589,
    "fn": 1010,
    "processed_batches": 130
  },
  "eval_config": {
    "score_threshold": 0.3,
    "iou_threshold": 0.5
  },
  "time": "2026-06-01 22:31:49"
}