{
  "epoch": 34,
  "loss": {
    "train": 0.938385,
    "val": 2.413311
  },
  "val_detection": {
    "precision": 0.668115,
    "recall": 0.800781,
    "f1": 0.728457,
    "tp": 2460,
    "fp": 1222,
    "fn": 612,
    "processed_batches": 130
  },
  "eval_config": {
    "score_threshold": 0.3,
    "iou_threshold": 0.5
  },
  "time": "2026-06-01 23:23:05"
}