{
  "epoch": 6,
  "loss": {
    "train": 1.690717,
    "val": 1.891349
  },
  "val_detection": {
    "precision": 0.537877,
    "recall": 0.714193,
    "f1": 0.61362,
    "tp": 2194,
    "fp": 1885,
    "fn": 878,
    "processed_batches": 130
  },
  "eval_config": {
    "score_threshold": 0.3,
    "iou_threshold": 0.5
  },
  "time": "2026-06-01 22:35:16"
}