{
  "epoch": 33,
  "loss": {
    "train": 0.989979,
    "val": 2.405129
  },
  "val_detection": {
    "precision": 0.684136,
    "recall": 0.790365,
    "f1": 0.733424,
    "tp": 2428,
    "fp": 1121,
    "fn": 644,
    "processed_batches": 130
  },
  "eval_config": {
    "score_threshold": 0.3,
    "iou_threshold": 0.5
  },
  "time": "2026-06-01 23:21:23"
}