{
  "epoch": 22,
  "loss": {
    "train": 1.13917,
    "val": 2.338142
  },
  "val_detection": {
    "precision": 0.653001,
    "recall": 0.793294,
    "f1": 0.716343,
    "tp": 2437,
    "fp": 1295,
    "fn": 635,
    "processed_batches": 130
  },
  "eval_config": {
    "score_threshold": 0.3,
    "iou_threshold": 0.5
  },
  "time": "2026-06-01 23:02:38"
}