{
  "epoch": 15,
  "loss": {
    "train": 1.296953,
    "val": 2.273673
  },
  "val_detection": {
    "precision": 0.634102,
    "recall": 0.788086,
    "f1": 0.702758,
    "tp": 2421,
    "fp": 1397,
    "fn": 651,
    "processed_batches": 130
  },
  "eval_config": {
    "score_threshold": 0.3,
    "iou_threshold": 0.5
  },
  "time": "2026-06-01 22:50:38"
}