{
  "epoch": 27,
  "loss": {
    "train": 1.037541,
    "val": 2.336625
  },
  "val_detection": {
    "precision": 0.695824,
    "recall": 0.802734,
    "f1": 0.745466,
    "tp": 2466,
    "fp": 1078,
    "fn": 606,
    "processed_batches": 130
  },
  "eval_config": {
    "score_threshold": 0.3,
    "iou_threshold": 0.5
  },
  "time": "2026-06-01 23:11:11"
}