{
  "epoch": 7,
  "loss": {
    "train": 1.651624,
    "val": 2.232992
  },
  "val_detection": {
    "precision": 0.611891,
    "recall": 0.723633,
    "f1": 0.663087,
    "tp": 2223,
    "fp": 1410,
    "fn": 849,
    "processed_batches": 130
  },
  "eval_config": {
    "score_threshold": 0.3,
    "iou_threshold": 0.5
  },
  "time": "2026-06-01 22:36:58"
}