{
  "epoch": 25,
  "loss": {
    "train": 1.085127,
    "val": 2.400109
  },
  "val_detection": {
    "precision": 0.680078,
    "recall": 0.797852,
    "f1": 0.734272,
    "tp": 2451,
    "fp": 1153,
    "fn": 621,
    "processed_batches": 130
  },
  "eval_config": {
    "score_threshold": 0.3,
    "iou_threshold": 0.5
  },
  "time": "2026-06-01 23:07:47"
}