{
  "epoch": 1,
  "loss": {
    "train": 1.149477,
    "val": 0.831028
  },
  "val_detection": {
    "precision": 0.585279,
    "recall": 0.856771,
    "f1": 0.695468,
    "tp": 2632,
    "fp": 1865,
    "fn": 440,
    "processed_batches": 130
  },
  "eval_config": {
    "score_threshold": 0.3,
    "iou_threshold": 0.5
  },
  "time": "2026-06-02 03:33:23"
}