{
  "epoch": 23,
  "loss": {
    "train": 0.24281,
    "val": 0.732553
  },
  "val_detection": {
    "precision": 0.806972,
    "recall": 0.911784,
    "f1": 0.856182,
    "tp": 2801,
    "fp": 670,
    "fn": 271,
    "processed_batches": 130
  },
  "eval_config": {
    "score_threshold": 0.3,
    "iou_threshold": 0.5
  },
  "time": "2026-06-02 04:29:45"
}