{
  "epoch": 14,
  "loss": {
    "train": 0.364571,
    "val": 0.694166
  },
  "val_detection": {
    "precision": 0.770609,
    "recall": 0.909831,
    "f1": 0.834453,
    "tp": 2795,
    "fp": 832,
    "fn": 277,
    "processed_batches": 130
  },
  "eval_config": {
    "score_threshold": 0.3,
    "iou_threshold": 0.5
  },
  "time": "2026-06-02 04:06:52"
}