{
  "epoch": 15,
  "loss": {
    "train": 0.346819,
    "val": 0.670519
  },
  "val_detection": {
    "precision": 0.787938,
    "recall": 0.914388,
    "f1": 0.846467,
    "tp": 2809,
    "fp": 756,
    "fn": 263,
    "processed_batches": 130
  },
  "eval_config": {
    "score_threshold": 0.3,
    "iou_threshold": 0.5
  },
  "time": "2026-06-02 04:09:25"
}