{
  "epoch": 21,
  "loss": {
    "train": 0.2559,
    "val": 0.713235
  },
  "val_detection": {
    "precision": 0.798233,
    "recall": 0.911784,
    "f1": 0.851238,
    "tp": 2801,
    "fp": 708,
    "fn": 271,
    "processed_batches": 130
  },
  "eval_config": {
    "score_threshold": 0.3,
    "iou_threshold": 0.5
  },
  "time": "2026-06-02 04:24:39"
}