{
  "epoch": 8,
  "loss": {
    "train": 0.493045,
    "val": 0.649
  },
  "val_detection": {
    "precision": 0.788091,
    "recall": 0.917643,
    "f1": 0.847947,
    "tp": 2819,
    "fp": 758,
    "fn": 253,
    "processed_batches": 130
  },
  "eval_config": {
    "score_threshold": 0.3,
    "iou_threshold": 0.5
  },
  "time": "2026-06-02 03:51:37"
}