{
  "epoch": 11,
  "loss": {
    "train": 0.420288,
    "val": 0.655834
  },
  "val_detection": {
    "precision": 0.779684,
    "recall": 0.916992,
    "f1": 0.842782,
    "tp": 2817,
    "fp": 796,
    "fn": 255,
    "processed_batches": 130
  },
  "eval_config": {
    "score_threshold": 0.3,
    "iou_threshold": 0.5
  },
  "time": "2026-06-02 03:59:15"
}