{
  "epoch": 18,
  "loss": {
    "train": 0.290837,
    "val": 0.709822
  },
  "val_detection": {
    "precision": 0.802423,
    "recall": 0.905599,
    "f1": 0.850895,
    "tp": 2782,
    "fp": 685,
    "fn": 290,
    "processed_batches": 130
  },
  "eval_config": {
    "score_threshold": 0.3,
    "iou_threshold": 0.5
  },
  "time": "2026-06-02 04:17:02"
}