{
  "epoch": 5,
  "loss": {
    "train": 0.570492,
    "val": 0.666125
  },
  "val_detection": {
    "precision": 0.768657,
    "recall": 0.905273,
    "f1": 0.83139,
    "tp": 2781,
    "fp": 837,
    "fn": 291,
    "processed_batches": 130
  },
  "eval_config": {
    "score_threshold": 0.3,
    "iou_threshold": 0.5
  },
  "time": "2026-06-02 03:43:57"
}