{
  "epoch": 24,
  "loss": {
    "train": 0.234448,
    "val": 0.728654
  },
  "val_detection": {
    "precision": 0.794952,
    "recall": 0.912435,
    "f1": 0.849651,
    "tp": 2803,
    "fp": 723,
    "fn": 269,
    "processed_batches": 130
  },
  "eval_config": {
    "score_threshold": 0.3,
    "iou_threshold": 0.5
  },
  "time": "2026-06-02 04:32:17"
}