{
  "epoch": 16,
  "loss": {
    "train": 0.321873,
    "val": 0.707237
  },
  "val_detection": {
    "precision": 0.802054,
    "recall": 0.915365,
    "f1": 0.854971,
    "tp": 2812,
    "fp": 694,
    "fn": 260,
    "processed_batches": 130
  },
  "eval_config": {
    "score_threshold": 0.3,
    "iou_threshold": 0.5
  },
  "time": "2026-06-02 04:11:58"
}