{
  "epoch": 22,
  "loss": {
    "train": 0.245286,
    "val": 0.745394
  },
  "val_detection": {
    "precision": 0.792739,
    "recall": 0.902669,
    "f1": 0.84414,
    "tp": 2773,
    "fp": 725,
    "fn": 299,
    "processed_batches": 130
  },
  "eval_config": {
    "score_threshold": 0.3,
    "iou_threshold": 0.5
  },
  "time": "2026-06-02 04:27:12"
}