{
  "epoch": 20,
  "loss": {
    "train": 0.266856,
    "val": 0.693479
  },
  "val_detection": {
    "precision": 0.775414,
    "recall": 0.913737,
    "f1": 0.838912,
    "tp": 2807,
    "fp": 813,
    "fn": 265,
    "processed_batches": 130
  },
  "eval_config": {
    "score_threshold": 0.3,
    "iou_threshold": 0.5
  },
  "time": "2026-06-02 04:22:07"
}