{
  "epoch": 4,
  "loss": {
    "train": 0.574279,
    "val": 0.656658
  },
  "val_detection": {
    "precision": 0.777394,
    "recall": 0.958511,
    "f1": 0.858504,
    "tp": 901,
    "fp": 258,
    "fn": 39,
    "processed_batches": 40
  },
  "eval_config": {
    "score_threshold": 0.3,
    "iou_threshold": 0.5
  },
  "time": "2026-04-19 17:00:28"
}