{
  "epoch": 12,
  "loss": {
    "train": 0.377645,
    "val": 0.627665
  },
  "val_detection": {
    "precision": 0.834407,
    "recall": 0.964894,
    "f1": 0.894919,
    "tp": 907,
    "fp": 180,
    "fn": 33,
    "processed_batches": 40
  },
  "eval_config": {
    "score_threshold": 0.3,
    "iou_threshold": 0.5
  },
  "time": "2026-04-19 17:18:46"
}