{
  "epoch": 13,
  "loss": {
    "train": 0.360728,
    "val": 0.619633
  },
  "val_detection": {
    "precision": 0.821622,
    "recall": 0.970213,
    "f1": 0.889756,
    "tp": 912,
    "fp": 198,
    "fn": 28,
    "processed_batches": 40
  },
  "eval_config": {
    "score_threshold": 0.3,
    "iou_threshold": 0.5
  },
  "time": "2026-04-19 17:21:02"
}