{
  "epoch": 10,
  "loss": {
    "train": 0.414123,
    "val": 0.602442
  },
  "val_detection": {
    "precision": 0.827869,
    "recall": 0.967021,
    "f1": 0.892051,
    "tp": 909,
    "fp": 189,
    "fn": 31,
    "processed_batches": 40
  },
  "eval_config": {
    "score_threshold": 0.3,
    "iou_threshold": 0.5
  },
  "time": "2026-04-19 17:14:16"
}