{
  "epoch": 17,
  "loss": {
    "train": 0.298608,
    "val": 0.62459
  },
  "val_detection": {
    "precision": 0.836431,
    "recall": 0.957447,
    "f1": 0.892857,
    "tp": 900,
    "fp": 176,
    "fn": 40,
    "processed_batches": 40
  },
  "eval_config": {
    "score_threshold": 0.3,
    "iou_threshold": 0.5
  },
  "time": "2026-04-19 17:30:10"
}