{
  "epoch": 6,
  "loss": {
    "train": 0.506865,
    "val": 0.619094
  },
  "val_detection": {
    "precision": 0.804464,
    "recall": 0.958511,
    "f1": 0.874757,
    "tp": 901,
    "fp": 219,
    "fn": 39,
    "processed_batches": 40
  },
  "eval_config": {
    "score_threshold": 0.3,
    "iou_threshold": 0.5
  },
  "time": "2026-04-19 17:05:07"
}