{
  "epoch": 8,
  "loss": {
    "train": 0.453621,
    "val": 0.646995
  },
  "val_detection": {
    "precision": 0.827458,
    "recall": 0.948936,
    "f1": 0.884044,
    "tp": 892,
    "fp": 186,
    "fn": 48,
    "processed_batches": 40
  },
  "eval_config": {
    "score_threshold": 0.3,
    "iou_threshold": 0.5
  },
  "time": "2026-04-19 17:09:40"
}