{
  "epoch": 3,
  "loss": {
    "train": 1.581996,
    "val": 1.718981
  },
  "val_detection": {
    "precision": 0.782748,
    "recall": 0.781915,
    "f1": 0.782331,
    "tp": 735,
    "fp": 204,
    "fn": 205,
    "processed_batches": 40
  },
  "eval_config": {
    "score_threshold": 0.3,
    "iou_threshold": 0.5
  },
  "time": "2026-04-19 14:42:13"
}