{
  "epoch": 7,
  "loss": {
    "train": 1.348897,
    "val": 1.911902
  },
  "val_detection": {
    "precision": 0.79721,
    "recall": 0.790426,
    "f1": 0.793803,
    "tp": 743,
    "fp": 189,
    "fn": 197,
    "processed_batches": 40
  },
  "eval_config": {
    "score_threshold": 0.3,
    "iou_threshold": 0.5
  },
  "time": "2026-04-19 14:47:51"
}