{
  "epoch": 4,
  "loss": {
    "train": 1.523025,
    "val": 1.670222
  },
  "val_detection": {
    "precision": 0.770944,
    "recall": 0.773404,
    "f1": 0.772172,
    "tp": 727,
    "fp": 216,
    "fn": 213,
    "processed_batches": 40
  },
  "eval_config": {
    "score_threshold": 0.3,
    "iou_threshold": 0.5
  },
  "time": "2026-04-19 14:43:42"
}