{
  "epoch": 1,
  "loss": {
    "train": 1.790509,
    "val": 1.678989
  },
  "val_detection": {
    "precision": 0.684932,
    "recall": 0.638298,
    "f1": 0.660793,
    "tp": 600,
    "fp": 276,
    "fn": 340,
    "processed_batches": 40
  },
  "eval_config": {
    "score_threshold": 0.3,
    "iou_threshold": 0.5
  },
  "time": "2026-04-19 14:39:14"
}