{
  "epoch": 2,
  "loss": {
    "train": 1.613979,
    "val": 1.611286
  },
  "val_detection": {
    "precision": 0.713376,
    "recall": 0.714894,
    "f1": 0.714134,
    "tp": 672,
    "fp": 270,
    "fn": 268,
    "processed_batches": 40
  },
  "eval_config": {
    "score_threshold": 0.3,
    "iou_threshold": 0.5
  },
  "time": "2026-04-19 14:40:37"
}