{
  "epoch": 15,
  "loss": {
    "train": 0.348893,
    "val": 0.748753
  },
  "val_detection": {
    "precision": 0.780277,
    "recall": 0.959574,
    "f1": 0.860687,
    "tp": 902,
    "fp": 254,
    "fn": 38,
    "processed_batches": 40
  },
  "eval_config": {
    "score_threshold": 0.3,
    "iou_threshold": 0.5
  },
  "time": "2026-04-19 16:41:52"
}