{
  "epoch": 6,
  "loss": {
    "train": 0.550959,
    "val": 0.712169
  },
  "val_detection": {
    "precision": 0.755872,
    "recall": 0.958511,
    "f1": 0.845216,
    "tp": 901,
    "fp": 291,
    "fn": 39,
    "processed_batches": 40
  },
  "eval_config": {
    "score_threshold": 0.3,
    "iou_threshold": 0.5
  },
  "time": "2026-04-19 16:25:10"
}