{
  "epoch": 4,
  "loss": {
    "train": 0.638127,
    "val": 0.735468
  },
  "val_detection": {
    "precision": 0.723127,
    "recall": 0.944681,
    "f1": 0.819188,
    "tp": 888,
    "fp": 340,
    "fn": 52,
    "processed_batches": 40
  },
  "eval_config": {
    "score_threshold": 0.3,
    "iou_threshold": 0.5
  },
  "time": "2026-04-19 16:21:18"
}