{
  "epoch": 19,
  "loss": {
    "train": 0.309569,
    "val": 0.719953
  },
  "val_detection": {
    "precision": 0.798387,
    "recall": 0.947872,
    "f1": 0.866732,
    "tp": 891,
    "fp": 225,
    "fn": 49,
    "processed_batches": 40
  },
  "eval_config": {
    "score_threshold": 0.3,
    "iou_threshold": 0.5
  },
  "time": "2026-04-19 16:50:02"
}