{
  "epoch": 9,
  "loss": {
    "train": 0.461249,
    "val": 0.708858
  },
  "val_detection": {
    "precision": 0.765306,
    "recall": 0.957447,
    "f1": 0.850662,
    "tp": 900,
    "fp": 276,
    "fn": 40,
    "processed_batches": 40
  },
  "eval_config": {
    "score_threshold": 0.3,
    "iou_threshold": 0.5
  },
  "time": "2026-04-19 16:30:45"
}