{
  "epoch": 17,
  "loss": {
    "train": 0.320364,
    "val": 0.721265
  },
  "val_detection": {
    "precision": 0.788782,
    "recall": 0.957447,
    "f1": 0.864969,
    "tp": 900,
    "fp": 241,
    "fn": 40,
    "processed_batches": 40
  },
  "eval_config": {
    "score_threshold": 0.3,
    "iou_threshold": 0.5
  },
  "time": "2026-04-19 16:45:57"
}