{
  "epoch": 11,
  "loss": {
    "train": 0.418621,
    "val": 0.695229
  },
  "val_detection": {
    "precision": 0.761421,
    "recall": 0.957447,
    "f1": 0.848256,
    "tp": 900,
    "fp": 282,
    "fn": 40,
    "processed_batches": 40
  },
  "eval_config": {
    "score_threshold": 0.3,
    "iou_threshold": 0.5
  },
  "time": "2026-04-19 16:34:46"
}