{
  "epoch": 5,
  "loss": {
    "train": 0.595958,
    "val": 0.714966
  },
  "val_detection": {
    "precision": 0.703064,
    "recall": 0.952128,
    "f1": 0.808857,
    "tp": 895,
    "fp": 378,
    "fn": 45,
    "processed_batches": 40
  },
  "eval_config": {
    "score_threshold": 0.3,
    "iou_threshold": 0.5
  },
  "time": "2026-04-19 16:23:18"
}