{
  "epoch": 5,
  "loss": {
    "train": 1.46225,
    "val": 1.786554
  },
  "val_detection": {
    "precision": 0.782292,
    "recall": 0.798936,
    "f1": 0.790526,
    "tp": 751,
    "fp": 209,
    "fn": 189,
    "processed_batches": 40
  },
  "eval_config": {
    "score_threshold": 0.3,
    "iou_threshold": 0.5
  },
  "time": "2026-04-19 15:05:11"
}