{
  "epoch": 9,
  "loss": {
    "train": 1.281631,
    "val": 1.88747
  },
  "val_detection": {
    "precision": 0.807216,
    "recall": 0.832979,
    "f1": 0.819895,
    "tp": 783,
    "fp": 187,
    "fn": 157,
    "processed_batches": 40
  },
  "eval_config": {
    "score_threshold": 0.3,
    "iou_threshold": 0.5
  },
  "time": "2026-04-19 15:13:23"
}