{
  "epoch": 4,
  "loss": {
    "train": 1.517577,
    "val": 1.670336
  },
  "val_detection": {
    "precision": 0.763875,
    "recall": 0.805319,
    "f1": 0.78405,
    "tp": 757,
    "fp": 234,
    "fn": 183,
    "processed_batches": 40
  },
  "eval_config": {
    "score_threshold": 0.3,
    "iou_threshold": 0.5
  },
  "time": "2026-04-19 15:03:09"
}