{
  "epoch": 7,
  "loss": {
    "train": 1.343351,
    "val": 1.886555
  },
  "val_detection": {
    "precision": 0.807407,
    "recall": 0.811702,
    "f1": 0.809549,
    "tp": 763,
    "fp": 182,
    "fn": 177,
    "processed_batches": 40
  },
  "eval_config": {
    "score_threshold": 0.3,
    "iou_threshold": 0.5
  },
  "time": "2026-04-19 15:09:18"
}