{
  "epoch": 2,
  "loss": {
    "train": 1.599363,
    "val": 1.571226
  },
  "val_detection": {
    "precision": 0.709611,
    "recall": 0.738298,
    "f1": 0.72367,
    "tp": 694,
    "fp": 284,
    "fn": 246,
    "processed_batches": 40
  },
  "eval_config": {
    "score_threshold": 0.3,
    "iou_threshold": 0.5
  },
  "time": "2026-04-19 14:58:53"
}