{
  "epoch": 2,
  "loss": {
    "train": 0.725807,
    "val": 0.692603
  },
  "val_detection": {
    "precision": 0.713722,
    "recall": 0.962766,
    "f1": 0.819746,
    "tp": 905,
    "fp": 363,
    "fn": 35,
    "processed_batches": 40
  },
  "eval_config": {
    "score_threshold": 0.3,
    "iou_threshold": 0.5
  },
  "time": "2026-04-19 17:36:20"
}