{
  "epoch": 6,
  "loss": {
    "train": 0.503513,
    "val": 0.614257
  },
  "val_detection": {
    "precision": 0.799472,
    "recall": 0.967021,
    "f1": 0.875301,
    "tp": 909,
    "fp": 228,
    "fn": 31,
    "processed_batches": 40
  },
  "eval_config": {
    "score_threshold": 0.3,
    "iou_threshold": 0.5
  },
  "time": "2026-04-19 17:45:47"
}