{
  "epoch": 10,
  "loss": {
    "train": 0.421758,
    "val": 0.606769
  },
  "val_detection": {
    "precision": 0.826325,
    "recall": 0.961702,
    "f1": 0.888889,
    "tp": 904,
    "fp": 190,
    "fn": 36,
    "processed_batches": 40
  },
  "eval_config": {
    "score_threshold": 0.3,
    "iou_threshold": 0.5
  },
  "time": "2026-04-19 17:55:02"
}