{
  "epoch": 9,
  "loss": {
    "train": 0.437278,
    "val": 0.627092
  },
  "val_detection": {
    "precision": 0.821494,
    "recall": 0.959574,
    "f1": 0.885182,
    "tp": 902,
    "fp": 196,
    "fn": 38,
    "processed_batches": 40
  },
  "eval_config": {
    "score_threshold": 0.3,
    "iou_threshold": 0.5
  },
  "time": "2026-04-19 17:52:42"
}