{
  "epoch": 11,
  "loss": {
    "train": 0.400631,
    "val": 0.630465
  },
  "val_detection": {
    "precision": 0.810376,
    "recall": 0.96383,
    "f1": 0.880466,
    "tp": 906,
    "fp": 212,
    "fn": 34,
    "processed_batches": 40
  },
  "eval_config": {
    "score_threshold": 0.3,
    "iou_threshold": 0.5
  },
  "time": "2026-04-19 17:57:24"
}