{
  "epoch": 13,
  "loss": {
    "train": 0.368303,
    "val": 0.613966
  },
  "val_detection": {
    "precision": 0.816787,
    "recall": 0.962766,
    "f1": 0.883789,
    "tp": 905,
    "fp": 203,
    "fn": 35,
    "processed_batches": 40
  },
  "eval_config": {
    "score_threshold": 0.3,
    "iou_threshold": 0.5
  },
  "time": "2026-04-19 18:02:02"
}